[0.076s] DEBUG:colcon:Command line arguments: ['/usr/bin/colcon', 'build', '--symlink-install']
[0.076s] DEBUG:colcon:Parsed command line arguments: Namespace(log_base=None, log_level=None, verb_name='build', build_base='build', install_base='install', merge_install=False, symlink_install=True, test_result_base=None, continue_on_error=False, executor='parallel', parallel_workers=16, event_handlers=None, ignore_user_meta=False, metas=['./colcon.meta'], base_paths=['.'], packages_ignore=None, packages_ignore_regex=None, paths=None, packages_up_to=None, packages_up_to_regex=None, packages_above=None, packages_above_and_dependencies=None, packages_above_depth=None, packages_select_by_dep=None, packages_skip_by_dep=None, packages_skip_up_to=None, packages_select_build_failed=False, packages_skip_build_finished=False, packages_select_test_failures=False, packages_skip_test_passed=False, packages_select=None, packages_skip=None, packages_select_regex=None, packages_skip_regex=None, packages_start=None, packages_end=None, allow_overriding=[], cmake_args=None, cmake_target=None, cmake_target_skip_unavailable=False, cmake_clean_cache=False, cmake_clean_first=False, cmake_force_configure=False, ament_cmake_args=None, catkin_cmake_args=None, catkin_skip_building_tests=False, mixin_files=None, mixin=None, verb_parser=<colcon_mixin.mixin.mixin_argument.MixinArgumentDecorator object at 0x728b851578e0>, verb_extension=<colcon_core.verb.build.BuildVerb object at 0x728b85157430>, main=<bound method BuildVerb.main of <colcon_core.verb.build.BuildVerb object at 0x728b85157430>>, mixin_verb=('build',))
[0.214s] Level 1:colcon.colcon_core.package_discovery:discover_packages(colcon_meta) check parameters
[0.215s] Level 1:colcon.colcon_core.package_discovery:discover_packages(recursive) check parameters
[0.215s] Level 1:colcon.colcon_core.package_discovery:discover_packages(ignore) check parameters
[0.215s] Level 1:colcon.colcon_core.package_discovery:discover_packages(path) check parameters
[0.215s] Level 1:colcon.colcon_core.package_discovery:discover_packages(colcon_meta) discover
[0.215s] Level 1:colcon.colcon_core.package_discovery:discover_packages(recursive) discover
[0.215s] INFO:colcon.colcon_core.package_discovery:Crawling recursively for packages in '/home/sungbhin/AutoSDV_HPC'
[0.215s] Level 1:colcon.colcon_core.package_identification:_identify(.) by extensions ['ignore', 'ignore_ament_install']
[0.215s] Level 1:colcon.colcon_core.package_identification:_identify(.) by extension 'ignore'
[0.215s] Level 1:colcon.colcon_core.package_identification:_identify(.) by extension 'ignore_ament_install'
[0.215s] Level 1:colcon.colcon_core.package_identification:_identify(.) by extensions ['colcon_pkg']
[0.215s] Level 1:colcon.colcon_core.package_identification:_identify(.) by extension 'colcon_pkg'
[0.215s] Level 1:colcon.colcon_core.package_identification:_identify(.) by extensions ['colcon_meta']
[0.215s] Level 1:colcon.colcon_core.package_identification:_identify(.) by extension 'colcon_meta'
[0.215s] Level 1:colcon.colcon_core.package_identification:_identify(.) by extensions ['ros']
[0.215s] Level 1:colcon.colcon_core.package_identification:_identify(.) by extension 'ros'
[0.232s] Level 1:colcon.colcon_core.package_identification:_identify(.) by extensions ['cmake', 'python']
[0.232s] Level 1:colcon.colcon_core.package_identification:_identify(.) by extension 'cmake'
[0.232s] Level 1:colcon.colcon_core.package_identification:_identify(.) by extension 'python'
[0.232s] Level 1:colcon.colcon_core.package_identification:_identify(.) by extensions ['python_setup_py']
[0.232s] Level 1:colcon.colcon_core.package_identification:_identify(.) by extension 'python_setup_py'
[0.233s] Level 1:colcon.colcon_core.package_identification:_identify(Collected_Datasets) by extensions ['ignore', 'ignore_ament_install']
[0.233s] Level 1:colcon.colcon_core.package_identification:_identify(Collected_Datasets) by extension 'ignore'
[0.233s] Level 1:colcon.colcon_core.package_identification:_identify(Collected_Datasets) by extension 'ignore_ament_install'
[0.233s] Level 1:colcon.colcon_core.package_identification:_identify(Collected_Datasets) by extensions ['colcon_pkg']
[0.233s] Level 1:colcon.colcon_core.package_identification:_identify(Collected_Datasets) by extension 'colcon_pkg'
[0.233s] Level 1:colcon.colcon_core.package_identification:_identify(Collected_Datasets) by extensions ['colcon_meta']
[0.233s] Level 1:colcon.colcon_core.package_identification:_identify(Collected_Datasets) by extension 'colcon_meta'
[0.233s] Level 1:colcon.colcon_core.package_identification:_identify(Collected_Datasets) by extensions ['ros']
[0.233s] Level 1:colcon.colcon_core.package_identification:_identify(Collected_Datasets) by extension 'ros'
[0.233s] Level 1:colcon.colcon_core.package_identification:_identify(Collected_Datasets) by extensions ['cmake', 'python']
[0.233s] Level 1:colcon.colcon_core.package_identification:_identify(Collected_Datasets) by extension 'cmake'
[0.233s] Level 1:colcon.colcon_core.package_identification:_identify(Collected_Datasets) by extension 'python'
[0.233s] Level 1:colcon.colcon_core.package_identification:_identify(Collected_Datasets) by extensions ['python_setup_py']
[0.233s] Level 1:colcon.colcon_core.package_identification:_identify(Collected_Datasets) by extension 'python_setup_py'
[0.233s] Level 1:colcon.colcon_core.package_identification:_identify(build) by extensions ['ignore', 'ignore_ament_install']
[0.233s] Level 1:colcon.colcon_core.package_identification:_identify(build) by extension 'ignore'
[0.233s] Level 1:colcon.colcon_core.package_identification:_identify(build) ignored
[0.233s] Level 1:colcon.colcon_core.package_identification:_identify(install) by extensions ['ignore', 'ignore_ament_install']
[0.233s] Level 1:colcon.colcon_core.package_identification:_identify(install) by extension 'ignore'
[0.233s] Level 1:colcon.colcon_core.package_identification:_identify(install) ignored
[0.233s] Level 1:colcon.colcon_core.package_identification:_identify(log) by extensions ['ignore', 'ignore_ament_install']
[0.233s] Level 1:colcon.colcon_core.package_identification:_identify(log) by extension 'ignore'
[0.234s] Level 1:colcon.colcon_core.package_identification:_identify(log) ignored
[0.234s] Level 1:colcon.colcon_core.package_identification:_identify(src) by extensions ['ignore', 'ignore_ament_install']
[0.234s] Level 1:colcon.colcon_core.package_identification:_identify(src) by extension 'ignore'
[0.234s] Level 1:colcon.colcon_core.package_identification:_identify(src) by extension 'ignore_ament_install'
[0.234s] Level 1:colcon.colcon_core.package_identification:_identify(src) by extensions ['colcon_pkg']
[0.234s] Level 1:colcon.colcon_core.package_identification:_identify(src) by extension 'colcon_pkg'
[0.234s] Level 1:colcon.colcon_core.package_identification:_identify(src) by extensions ['colcon_meta']
[0.234s] Level 1:colcon.colcon_core.package_identification:_identify(src) by extension 'colcon_meta'
[0.234s] Level 1:colcon.colcon_core.package_identification:_identify(src) by extensions ['ros']
[0.234s] Level 1:colcon.colcon_core.package_identification:_identify(src) by extension 'ros'
[0.234s] Level 1:colcon.colcon_core.package_identification:_identify(src) by extensions ['cmake', 'python']
[0.234s] Level 1:colcon.colcon_core.package_identification:_identify(src) by extension 'cmake'
[0.234s] Level 1:colcon.colcon_core.package_identification:_identify(src) by extension 'python'
[0.234s] Level 1:colcon.colcon_core.package_identification:_identify(src) by extensions ['python_setup_py']
[0.234s] Level 1:colcon.colcon_core.package_identification:_identify(src) by extension 'python_setup_py'
[0.234s] Level 1:colcon.colcon_core.package_identification:_identify(src/camera_perception_pkg) by extensions ['ignore', 'ignore_ament_install']
[0.234s] Level 1:colcon.colcon_core.package_identification:_identify(src/camera_perception_pkg) by extension 'ignore'
[0.234s] Level 1:colcon.colcon_core.package_identification:_identify(src/camera_perception_pkg) by extension 'ignore_ament_install'
[0.234s] Level 1:colcon.colcon_core.package_identification:_identify(src/camera_perception_pkg) by extensions ['colcon_pkg']
[0.234s] Level 1:colcon.colcon_core.package_identification:_identify(src/camera_perception_pkg) by extension 'colcon_pkg'
[0.234s] Level 1:colcon.colcon_core.package_identification:_identify(src/camera_perception_pkg) by extensions ['colcon_meta']
[0.234s] Level 1:colcon.colcon_core.package_identification:_identify(src/camera_perception_pkg) by extension 'colcon_meta'
[0.234s] Level 1:colcon.colcon_core.package_identification:_identify(src/camera_perception_pkg) by extensions ['ros']
[0.234s] Level 1:colcon.colcon_core.package_identification:_identify(src/camera_perception_pkg) by extension 'ros'
[0.236s] DEBUG:colcon.colcon_core.package_identification:Package 'src/camera_perception_pkg' with type 'ros.ament_python' and name 'camera_perception_pkg'
[0.236s] Level 1:colcon.colcon_core.package_identification:_identify(src/control) by extensions ['ignore', 'ignore_ament_install']
[0.236s] Level 1:colcon.colcon_core.package_identification:_identify(src/control) by extension 'ignore'
[0.236s] Level 1:colcon.colcon_core.package_identification:_identify(src/control) by extension 'ignore_ament_install'
[0.236s] Level 1:colcon.colcon_core.package_identification:_identify(src/control) by extensions ['colcon_pkg']
[0.236s] Level 1:colcon.colcon_core.package_identification:_identify(src/control) by extension 'colcon_pkg'
[0.236s] Level 1:colcon.colcon_core.package_identification:_identify(src/control) by extensions ['colcon_meta']
[0.236s] Level 1:colcon.colcon_core.package_identification:_identify(src/control) by extension 'colcon_meta'
[0.236s] Level 1:colcon.colcon_core.package_identification:_identify(src/control) by extensions ['ros']
[0.236s] Level 1:colcon.colcon_core.package_identification:_identify(src/control) by extension 'ros'
[0.236s] Level 1:colcon.colcon_core.package_identification:_identify(src/control) by extensions ['cmake', 'python']
[0.236s] Level 1:colcon.colcon_core.package_identification:_identify(src/control) by extension 'cmake'
[0.236s] Level 1:colcon.colcon_core.package_identification:_identify(src/control) by extension 'python'
[0.237s] Level 1:colcon.colcon_core.package_identification:_identify(src/control) by extensions ['python_setup_py']
[0.237s] Level 1:colcon.colcon_core.package_identification:_identify(src/control) by extension 'python_setup_py'
[0.237s] Level 1:colcon.colcon_core.package_identification:_identify(src/control/check_variable_resistor) by extensions ['ignore', 'ignore_ament_install']
[0.237s] Level 1:colcon.colcon_core.package_identification:_identify(src/control/check_variable_resistor) by extension 'ignore'
[0.237s] Level 1:colcon.colcon_core.package_identification:_identify(src/control/check_variable_resistor) by extension 'ignore_ament_install'
[0.237s] Level 1:colcon.colcon_core.package_identification:_identify(src/control/check_variable_resistor) by extensions ['colcon_pkg']
[0.237s] Level 1:colcon.colcon_core.package_identification:_identify(src/control/check_variable_resistor) by extension 'colcon_pkg'
[0.237s] Level 1:colcon.colcon_core.package_identification:_identify(src/control/check_variable_resistor) by extensions ['colcon_meta']
[0.237s] Level 1:colcon.colcon_core.package_identification:_identify(src/control/check_variable_resistor) by extension 'colcon_meta'
[0.237s] Level 1:colcon.colcon_core.package_identification:_identify(src/control/check_variable_resistor) by extensions ['ros']
[0.237s] Level 1:colcon.colcon_core.package_identification:_identify(src/control/check_variable_resistor) by extension 'ros'
[0.237s] Level 1:colcon.colcon_core.package_identification:_identify(src/control/check_variable_resistor) by extensions ['cmake', 'python']
[0.237s] Level 1:colcon.colcon_core.package_identification:_identify(src/control/check_variable_resistor) by extension 'cmake'
[0.237s] Level 1:colcon.colcon_core.package_identification:_identify(src/control/check_variable_resistor) by extension 'python'
[0.237s] Level 1:colcon.colcon_core.package_identification:_identify(src/control/check_variable_resistor) by extensions ['python_setup_py']
[0.237s] Level 1:colcon.colcon_core.package_identification:_identify(src/control/check_variable_resistor) by extension 'python_setup_py'
[0.237s] Level 1:colcon.colcon_core.package_identification:_identify(src/control/driving) by extensions ['ignore', 'ignore_ament_install']
[0.237s] Level 1:colcon.colcon_core.package_identification:_identify(src/control/driving) by extension 'ignore'
[0.237s] Level 1:colcon.colcon_core.package_identification:_identify(src/control/driving) by extension 'ignore_ament_install'
[0.237s] Level 1:colcon.colcon_core.package_identification:_identify(src/control/driving) by extensions ['colcon_pkg']
[0.237s] Level 1:colcon.colcon_core.package_identification:_identify(src/control/driving) by extension 'colcon_pkg'
[0.237s] Level 1:colcon.colcon_core.package_identification:_identify(src/control/driving) by extensions ['colcon_meta']
[0.237s] Level 1:colcon.colcon_core.package_identification:_identify(src/control/driving) by extension 'colcon_meta'
[0.237s] Level 1:colcon.colcon_core.package_identification:_identify(src/control/driving) by extensions ['ros']
[0.237s] Level 1:colcon.colcon_core.package_identification:_identify(src/control/driving) by extension 'ros'
[0.237s] Level 1:colcon.colcon_core.package_identification:_identify(src/control/driving) by extensions ['cmake', 'python']
[0.237s] Level 1:colcon.colcon_core.package_identification:_identify(src/control/driving) by extension 'cmake'
[0.237s] Level 1:colcon.colcon_core.package_identification:_identify(src/control/driving) by extension 'python'
[0.237s] Level 1:colcon.colcon_core.package_identification:_identify(src/control/driving) by extensions ['python_setup_py']
[0.237s] Level 1:colcon.colcon_core.package_identification:_identify(src/control/driving) by extension 'python_setup_py'
[0.238s] Level 1:colcon.colcon_core.package_identification:_identify(src/control/motor_test) by extensions ['ignore', 'ignore_ament_install']
[0.238s] Level 1:colcon.colcon_core.package_identification:_identify(src/control/motor_test) by extension 'ignore'
[0.238s] Level 1:colcon.colcon_core.package_identification:_identify(src/control/motor_test) by extension 'ignore_ament_install'
[0.238s] Level 1:colcon.colcon_core.package_identification:_identify(src/control/motor_test) by extensions ['colcon_pkg']
[0.238s] Level 1:colcon.colcon_core.package_identification:_identify(src/control/motor_test) by extension 'colcon_pkg'
[0.238s] Level 1:colcon.colcon_core.package_identification:_identify(src/control/motor_test) by extensions ['colcon_meta']
[0.238s] Level 1:colcon.colcon_core.package_identification:_identify(src/control/motor_test) by extension 'colcon_meta'
[0.238s] Level 1:colcon.colcon_core.package_identification:_identify(src/control/motor_test) by extensions ['ros']
[0.238s] Level 1:colcon.colcon_core.package_identification:_identify(src/control/motor_test) by extension 'ros'
[0.238s] Level 1:colcon.colcon_core.package_identification:_identify(src/control/motor_test) by extensions ['cmake', 'python']
[0.238s] Level 1:colcon.colcon_core.package_identification:_identify(src/control/motor_test) by extension 'cmake'
[0.238s] Level 1:colcon.colcon_core.package_identification:_identify(src/control/motor_test) by extension 'python'
[0.238s] Level 1:colcon.colcon_core.package_identification:_identify(src/control/motor_test) by extensions ['python_setup_py']
[0.238s] Level 1:colcon.colcon_core.package_identification:_identify(src/control/motor_test) by extension 'python_setup_py'
[0.238s] Level 1:colcon.colcon_core.package_identification:_identify(src/data_collection) by extensions ['ignore', 'ignore_ament_install']
[0.238s] Level 1:colcon.colcon_core.package_identification:_identify(src/data_collection) by extension 'ignore'
[0.238s] Level 1:colcon.colcon_core.package_identification:_identify(src/data_collection) by extension 'ignore_ament_install'
[0.238s] Level 1:colcon.colcon_core.package_identification:_identify(src/data_collection) by extensions ['colcon_pkg']
[0.238s] Level 1:colcon.colcon_core.package_identification:_identify(src/data_collection) by extension 'colcon_pkg'
[0.238s] Level 1:colcon.colcon_core.package_identification:_identify(src/data_collection) by extensions ['colcon_meta']
[0.238s] Level 1:colcon.colcon_core.package_identification:_identify(src/data_collection) by extension 'colcon_meta'
[0.238s] Level 1:colcon.colcon_core.package_identification:_identify(src/data_collection) by extensions ['ros']
[0.238s] Level 1:colcon.colcon_core.package_identification:_identify(src/data_collection) by extension 'ros'
[0.238s] Level 1:colcon.colcon_core.package_identification:_identify(src/data_collection) by extensions ['cmake', 'python']
[0.238s] Level 1:colcon.colcon_core.package_identification:_identify(src/data_collection) by extension 'cmake'
[0.238s] Level 1:colcon.colcon_core.package_identification:_identify(src/data_collection) by extension 'python'
[0.238s] Level 1:colcon.colcon_core.package_identification:_identify(src/data_collection) by extensions ['python_setup_py']
[0.238s] Level 1:colcon.colcon_core.package_identification:_identify(src/data_collection) by extension 'python_setup_py'
[0.238s] Level 1:colcon.colcon_core.package_identification:_identify(src/data_collection_pkg) by extensions ['ignore', 'ignore_ament_install']
[0.238s] Level 1:colcon.colcon_core.package_identification:_identify(src/data_collection_pkg) by extension 'ignore'
[0.239s] Level 1:colcon.colcon_core.package_identification:_identify(src/data_collection_pkg) by extension 'ignore_ament_install'
[0.239s] Level 1:colcon.colcon_core.package_identification:_identify(src/data_collection_pkg) by extensions ['colcon_pkg']
[0.239s] Level 1:colcon.colcon_core.package_identification:_identify(src/data_collection_pkg) by extension 'colcon_pkg'
[0.239s] Level 1:colcon.colcon_core.package_identification:_identify(src/data_collection_pkg) by extensions ['colcon_meta']
[0.239s] Level 1:colcon.colcon_core.package_identification:_identify(src/data_collection_pkg) by extension 'colcon_meta'
[0.239s] Level 1:colcon.colcon_core.package_identification:_identify(src/data_collection_pkg) by extensions ['ros']
[0.239s] Level 1:colcon.colcon_core.package_identification:_identify(src/data_collection_pkg) by extension 'ros'
[0.239s] DEBUG:colcon.colcon_core.package_identification:Package 'src/data_collection_pkg' with type 'ros.ament_python' and name 'data_collection_pkg'
[0.239s] Level 1:colcon.colcon_core.package_identification:_identify(src/debug_pkg) by extensions ['ignore', 'ignore_ament_install']
[0.239s] Level 1:colcon.colcon_core.package_identification:_identify(src/debug_pkg) by extension 'ignore'
[0.239s] Level 1:colcon.colcon_core.package_identification:_identify(src/debug_pkg) by extension 'ignore_ament_install'
[0.239s] Level 1:colcon.colcon_core.package_identification:_identify(src/debug_pkg) by extensions ['colcon_pkg']
[0.239s] Level 1:colcon.colcon_core.package_identification:_identify(src/debug_pkg) by extension 'colcon_pkg'
[0.239s] Level 1:colcon.colcon_core.package_identification:_identify(src/debug_pkg) by extensions ['colcon_meta']
[0.239s] Level 1:colcon.colcon_core.package_identification:_identify(src/debug_pkg) by extension 'colcon_meta'
[0.239s] Level 1:colcon.colcon_core.package_identification:_identify(src/debug_pkg) by extensions ['ros']
[0.239s] Level 1:colcon.colcon_core.package_identification:_identify(src/debug_pkg) by extension 'ros'
[0.240s] DEBUG:colcon.colcon_core.package_identification:Package 'src/debug_pkg' with type 'ros.ament_python' and name 'debug_pkg'
[0.240s] Level 1:colcon.colcon_core.package_identification:_identify(src/decision_making_pkg) by extensions ['ignore', 'ignore_ament_install']
[0.240s] Level 1:colcon.colcon_core.package_identification:_identify(src/decision_making_pkg) by extension 'ignore'
[0.240s] Level 1:colcon.colcon_core.package_identification:_identify(src/decision_making_pkg) by extension 'ignore_ament_install'
[0.240s] Level 1:colcon.colcon_core.package_identification:_identify(src/decision_making_pkg) by extensions ['colcon_pkg']
[0.240s] Level 1:colcon.colcon_core.package_identification:_identify(src/decision_making_pkg) by extension 'colcon_pkg'
[0.240s] Level 1:colcon.colcon_core.package_identification:_identify(src/decision_making_pkg) by extensions ['colcon_meta']
[0.240s] Level 1:colcon.colcon_core.package_identification:_identify(src/decision_making_pkg) by extension 'colcon_meta'
[0.240s] Level 1:colcon.colcon_core.package_identification:_identify(src/decision_making_pkg) by extensions ['ros']
[0.240s] Level 1:colcon.colcon_core.package_identification:_identify(src/decision_making_pkg) by extension 'ros'
[0.240s] DEBUG:colcon.colcon_core.package_identification:Package 'src/decision_making_pkg' with type 'ros.ament_python' and name 'decision_making_pkg'
[0.241s] Level 1:colcon.colcon_core.package_identification:_identify(src/interfaces_pkg) by extensions ['ignore', 'ignore_ament_install']
[0.241s] Level 1:colcon.colcon_core.package_identification:_identify(src/interfaces_pkg) by extension 'ignore'
[0.241s] Level 1:colcon.colcon_core.package_identification:_identify(src/interfaces_pkg) by extension 'ignore_ament_install'
[0.241s] Level 1:colcon.colcon_core.package_identification:_identify(src/interfaces_pkg) by extensions ['colcon_pkg']
[0.241s] Level 1:colcon.colcon_core.package_identification:_identify(src/interfaces_pkg) by extension 'colcon_pkg'
[0.241s] Level 1:colcon.colcon_core.package_identification:_identify(src/interfaces_pkg) by extensions ['colcon_meta']
[0.241s] Level 1:colcon.colcon_core.package_identification:_identify(src/interfaces_pkg) by extension 'colcon_meta'
[0.241s] Level 1:colcon.colcon_core.package_identification:_identify(src/interfaces_pkg) by extensions ['ros']
[0.241s] Level 1:colcon.colcon_core.package_identification:_identify(src/interfaces_pkg) by extension 'ros'
[0.241s] DEBUG:colcon.colcon_core.package_identification:Package 'src/interfaces_pkg' with type 'ros.ament_cmake' and name 'interfaces_pkg'
[0.241s] Level 1:colcon.colcon_core.package_identification:_identify(src/launch_pkg) by extensions ['ignore', 'ignore_ament_install']
[0.241s] Level 1:colcon.colcon_core.package_identification:_identify(src/launch_pkg) by extension 'ignore'
[0.241s] Level 1:colcon.colcon_core.package_identification:_identify(src/launch_pkg) by extension 'ignore_ament_install'
[0.241s] Level 1:colcon.colcon_core.package_identification:_identify(src/launch_pkg) by extensions ['colcon_pkg']
[0.241s] Level 1:colcon.colcon_core.package_identification:_identify(src/launch_pkg) by extension 'colcon_pkg'
[0.241s] Level 1:colcon.colcon_core.package_identification:_identify(src/launch_pkg) by extensions ['colcon_meta']
[0.242s] Level 1:colcon.colcon_core.package_identification:_identify(src/launch_pkg) by extension 'colcon_meta'
[0.242s] Level 1:colcon.colcon_core.package_identification:_identify(src/launch_pkg) by extensions ['ros']
[0.242s] Level 1:colcon.colcon_core.package_identification:_identify(src/launch_pkg) by extension 'ros'
[0.242s] DEBUG:colcon.colcon_core.package_identification:Package 'src/launch_pkg' with type 'ros.ament_cmake' and name 'launch_pkg'
[0.242s] Level 1:colcon.colcon_core.package_identification:_identify(src/lidar_perception_pkg) by extensions ['ignore', 'ignore_ament_install']
[0.242s] Level 1:colcon.colcon_core.package_identification:_identify(src/lidar_perception_pkg) by extension 'ignore'
[0.242s] Level 1:colcon.colcon_core.package_identification:_identify(src/lidar_perception_pkg) by extension 'ignore_ament_install'
[0.242s] Level 1:colcon.colcon_core.package_identification:_identify(src/lidar_perception_pkg) by extensions ['colcon_pkg']
[0.242s] Level 1:colcon.colcon_core.package_identification:_identify(src/lidar_perception_pkg) by extension 'colcon_pkg'
[0.242s] Level 1:colcon.colcon_core.package_identification:_identify(src/lidar_perception_pkg) by extensions ['colcon_meta']
[0.242s] Level 1:colcon.colcon_core.package_identification:_identify(src/lidar_perception_pkg) by extension 'colcon_meta'
[0.242s] Level 1:colcon.colcon_core.package_identification:_identify(src/lidar_perception_pkg) by extensions ['ros']
[0.242s] Level 1:colcon.colcon_core.package_identification:_identify(src/lidar_perception_pkg) by extension 'ros'
[0.243s] DEBUG:colcon.colcon_core.package_identification:Package 'src/lidar_perception_pkg' with type 'ros.ament_python' and name 'lidar_perception_pkg'
[0.243s] Level 1:colcon.colcon_core.package_identification:_identify(src/serial_communication_pkg) by extensions ['ignore', 'ignore_ament_install']
[0.243s] Level 1:colcon.colcon_core.package_identification:_identify(src/serial_communication_pkg) by extension 'ignore'
[0.243s] Level 1:colcon.colcon_core.package_identification:_identify(src/serial_communication_pkg) by extension 'ignore_ament_install'
[0.243s] Level 1:colcon.colcon_core.package_identification:_identify(src/serial_communication_pkg) by extensions ['colcon_pkg']
[0.243s] Level 1:colcon.colcon_core.package_identification:_identify(src/serial_communication_pkg) by extension 'colcon_pkg'
[0.243s] Level 1:colcon.colcon_core.package_identification:_identify(src/serial_communication_pkg) by extensions ['colcon_meta']
[0.243s] Level 1:colcon.colcon_core.package_identification:_identify(src/serial_communication_pkg) by extension 'colcon_meta'
[0.243s] Level 1:colcon.colcon_core.package_identification:_identify(src/serial_communication_pkg) by extensions ['ros']
[0.243s] Level 1:colcon.colcon_core.package_identification:_identify(src/serial_communication_pkg) by extension 'ros'
[0.243s] DEBUG:colcon.colcon_core.package_identification:Package 'src/serial_communication_pkg' with type 'ros.ament_python' and name 'serial_communication_pkg'
[0.243s] Level 1:colcon.colcon_core.package_discovery:discover_packages(recursive) using defaults
[0.243s] Level 1:colcon.colcon_core.package_discovery:discover_packages(ignore) discover
[0.243s] Level 1:colcon.colcon_core.package_discovery:discover_packages(ignore) using defaults
[0.243s] Level 1:colcon.colcon_core.package_discovery:discover_packages(path) discover
[0.243s] Level 1:colcon.colcon_core.package_discovery:discover_packages(path) using defaults
[0.257s] Level 1:colcon.colcon_core.package_discovery:discover_packages(prefix_path) check parameters
[0.257s] Level 1:colcon.colcon_core.package_discovery:discover_packages(prefix_path) discover
[0.258s] WARNING:colcon.colcon_ros.prefix_path.ament:The path '/home/sungbhin/AutoSDV_HPC/install/serial_communication_pkg' in the environment variable AMENT_PREFIX_PATH doesn't exist
[0.258s] WARNING:colcon.colcon_ros.prefix_path.ament:The path '/home/sungbhin/AutoSDV_HPC/install/lidar_perception_pkg' in the environment variable AMENT_PREFIX_PATH doesn't exist
[0.258s] WARNING:colcon.colcon_ros.prefix_path.ament:The path '/home/sungbhin/AutoSDV_HPC/install/launch_pkg' in the environment variable AMENT_PREFIX_PATH doesn't exist
[0.258s] WARNING:colcon.colcon_ros.prefix_path.ament:The path '/home/sungbhin/AutoSDV_HPC/install/data_collection_pkg' in the environment variable AMENT_PREFIX_PATH doesn't exist
[0.258s] WARNING:colcon.colcon_ros.prefix_path.ament:The path '/home/sungbhin/AutoSDV_HPC/install/interfaces_pkg' in the environment variable AMENT_PREFIX_PATH doesn't exist
[0.258s] WARNING:colcon.colcon_ros.prefix_path.ament:The path '/home/sungbhin/AutoSDV_HPC/install/decision_making_pkg' in the environment variable AMENT_PREFIX_PATH doesn't exist
[0.258s] WARNING:colcon.colcon_ros.prefix_path.ament:The path '/home/sungbhin/AutoSDV_HPC/install/debug_pkg' in the environment variable AMENT_PREFIX_PATH doesn't exist
[0.258s] WARNING:colcon.colcon_ros.prefix_path.ament:The path '/home/sungbhin/AutoSDV_HPC/install/camera_perception_pkg' in the environment variable AMENT_PREFIX_PATH doesn't exist
[0.258s] WARNING:colcon.colcon_ros.prefix_path.catkin:The path '/home/sungbhin/AutoSDV_HPC/install/launch_pkg' in the environment variable CMAKE_PREFIX_PATH doesn't exist
[0.258s] WARNING:colcon.colcon_ros.prefix_path.catkin:The path '/home/sungbhin/AutoSDV_HPC/install/interfaces_pkg' in the environment variable CMAKE_PREFIX_PATH doesn't exist
[0.258s] DEBUG:colcon.colcon_installed_package_information.package_discovery:Found 0 installed packages in /home/sungbhin/AutoSDV_HPC/install
[0.259s] DEBUG:colcon.colcon_installed_package_information.package_discovery:Found 271 installed packages in /opt/ros/humble
[0.261s] Level 1:colcon.colcon_core.package_discovery:discover_packages(prefix_path) using defaults
[0.286s] Level 5:colcon.colcon_core.verb:set package 'camera_perception_pkg' build argument 'cmake_args' from command line to 'None'
[0.286s] Level 5:colcon.colcon_core.verb:set package 'camera_perception_pkg' build argument 'cmake_target' from command line to 'None'
[0.286s] Level 5:colcon.colcon_core.verb:set package 'camera_perception_pkg' build argument 'cmake_target_skip_unavailable' from command line to 'False'
[0.286s] Level 5:colcon.colcon_core.verb:set package 'camera_perception_pkg' build argument 'cmake_clean_cache' from command line to 'False'
[0.286s] Level 5:colcon.colcon_core.verb:set package 'camera_perception_pkg' build argument 'cmake_clean_first' from command line to 'False'
[0.286s] Level 5:colcon.colcon_core.verb:set package 'camera_perception_pkg' build argument 'cmake_force_configure' from command line to 'False'
[0.286s] Level 5:colcon.colcon_core.verb:set package 'camera_perception_pkg' build argument 'ament_cmake_args' from command line to 'None'
[0.286s] Level 5:colcon.colcon_core.verb:set package 'camera_perception_pkg' build argument 'catkin_cmake_args' from command line to 'None'
[0.286s] Level 5:colcon.colcon_core.verb:set package 'camera_perception_pkg' build argument 'catkin_skip_building_tests' from command line to 'False'
[0.286s] DEBUG:colcon.colcon_core.verb:Building package 'camera_perception_pkg' with the following arguments: {'ament_cmake_args': None, 'build_base': '/home/sungbhin/AutoSDV_HPC/build/camera_perception_pkg', 'catkin_cmake_args': None, 'catkin_skip_building_tests': False, 'cmake_args': None, 'cmake_clean_cache': False, 'cmake_clean_first': False, 'cmake_force_configure': False, 'cmake_target': None, 'cmake_target_skip_unavailable': False, 'install_base': '/home/sungbhin/AutoSDV_HPC/install/camera_perception_pkg', 'merge_install': False, 'path': '/home/sungbhin/AutoSDV_HPC/src/camera_perception_pkg', 'symlink_install': True, 'test_result_base': None}
[0.286s] Level 5:colcon.colcon_core.verb:set package 'debug_pkg' build argument 'cmake_args' from command line to 'None'
[0.286s] Level 5:colcon.colcon_core.verb:set package 'debug_pkg' build argument 'cmake_target' from command line to 'None'
[0.286s] Level 5:colcon.colcon_core.verb:set package 'debug_pkg' build argument 'cmake_target_skip_unavailable' from command line to 'False'
[0.286s] Level 5:colcon.colcon_core.verb:set package 'debug_pkg' build argument 'cmake_clean_cache' from command line to 'False'
[0.286s] Level 5:colcon.colcon_core.verb:set package 'debug_pkg' build argument 'cmake_clean_first' from command line to 'False'
[0.286s] Level 5:colcon.colcon_core.verb:set package 'debug_pkg' build argument 'cmake_force_configure' from command line to 'False'
[0.286s] Level 5:colcon.colcon_core.verb:set package 'debug_pkg' build argument 'ament_cmake_args' from command line to 'None'
[0.286s] Level 5:colcon.colcon_core.verb:set package 'debug_pkg' build argument 'catkin_cmake_args' from command line to 'None'
[0.286s] Level 5:colcon.colcon_core.verb:set package 'debug_pkg' build argument 'catkin_skip_building_tests' from command line to 'False'
[0.286s] DEBUG:colcon.colcon_core.verb:Building package 'debug_pkg' with the following arguments: {'ament_cmake_args': None, 'build_base': '/home/sungbhin/AutoSDV_HPC/build/debug_pkg', 'catkin_cmake_args': None, 'catkin_skip_building_tests': False, 'cmake_args': None, 'cmake_clean_cache': False, 'cmake_clean_first': False, 'cmake_force_configure': False, 'cmake_target': None, 'cmake_target_skip_unavailable': False, 'install_base': '/home/sungbhin/AutoSDV_HPC/install/debug_pkg', 'merge_install': False, 'path': '/home/sungbhin/AutoSDV_HPC/src/debug_pkg', 'symlink_install': True, 'test_result_base': None}
[0.287s] Level 5:colcon.colcon_core.verb:set package 'decision_making_pkg' build argument 'cmake_args' from command line to 'None'
[0.287s] Level 5:colcon.colcon_core.verb:set package 'decision_making_pkg' build argument 'cmake_target' from command line to 'None'
[0.287s] Level 5:colcon.colcon_core.verb:set package 'decision_making_pkg' build argument 'cmake_target_skip_unavailable' from command line to 'False'
[0.287s] Level 5:colcon.colcon_core.verb:set package 'decision_making_pkg' build argument 'cmake_clean_cache' from command line to 'False'
[0.287s] Level 5:colcon.colcon_core.verb:set package 'decision_making_pkg' build argument 'cmake_clean_first' from command line to 'False'
[0.287s] Level 5:colcon.colcon_core.verb:set package 'decision_making_pkg' build argument 'cmake_force_configure' from command line to 'False'
[0.287s] Level 5:colcon.colcon_core.verb:set package 'decision_making_pkg' build argument 'ament_cmake_args' from command line to 'None'
[0.287s] Level 5:colcon.colcon_core.verb:set package 'decision_making_pkg' build argument 'catkin_cmake_args' from command line to 'None'
[0.287s] Level 5:colcon.colcon_core.verb:set package 'decision_making_pkg' build argument 'catkin_skip_building_tests' from command line to 'False'
[0.287s] DEBUG:colcon.colcon_core.verb:Building package 'decision_making_pkg' with the following arguments: {'ament_cmake_args': None, 'build_base': '/home/sungbhin/AutoSDV_HPC/build/decision_making_pkg', 'catkin_cmake_args': None, 'catkin_skip_building_tests': False, 'cmake_args': None, 'cmake_clean_cache': False, 'cmake_clean_first': False, 'cmake_force_configure': False, 'cmake_target': None, 'cmake_target_skip_unavailable': False, 'install_base': '/home/sungbhin/AutoSDV_HPC/install/decision_making_pkg', 'merge_install': False, 'path': '/home/sungbhin/AutoSDV_HPC/src/decision_making_pkg', 'symlink_install': True, 'test_result_base': None}
[0.287s] Level 5:colcon.colcon_core.verb:set package 'interfaces_pkg' build argument 'cmake_args' from command line to 'None'
[0.287s] Level 5:colcon.colcon_core.verb:set package 'interfaces_pkg' build argument 'cmake_target' from command line to 'None'
[0.287s] Level 5:colcon.colcon_core.verb:set package 'interfaces_pkg' build argument 'cmake_target_skip_unavailable' from command line to 'False'
[0.287s] Level 5:colcon.colcon_core.verb:set package 'interfaces_pkg' build argument 'cmake_clean_cache' from command line to 'False'
[0.287s] Level 5:colcon.colcon_core.verb:set package 'interfaces_pkg' build argument 'cmake_clean_first' from command line to 'False'
[0.287s] Level 5:colcon.colcon_core.verb:set package 'interfaces_pkg' build argument 'cmake_force_configure' from command line to 'False'
[0.287s] Level 5:colcon.colcon_core.verb:set package 'interfaces_pkg' build argument 'ament_cmake_args' from command line to 'None'
[0.287s] Level 5:colcon.colcon_core.verb:set package 'interfaces_pkg' build argument 'catkin_cmake_args' from command line to 'None'
[0.287s] Level 5:colcon.colcon_core.verb:set package 'interfaces_pkg' build argument 'catkin_skip_building_tests' from command line to 'False'
[0.287s] DEBUG:colcon.colcon_core.verb:Building package 'interfaces_pkg' with the following arguments: {'ament_cmake_args': None, 'build_base': '/home/sungbhin/AutoSDV_HPC/build/interfaces_pkg', 'catkin_cmake_args': None, 'catkin_skip_building_tests': False, 'cmake_args': None, 'cmake_clean_cache': False, 'cmake_clean_first': False, 'cmake_force_configure': False, 'cmake_target': None, 'cmake_target_skip_unavailable': False, 'install_base': '/home/sungbhin/AutoSDV_HPC/install/interfaces_pkg', 'merge_install': False, 'path': '/home/sungbhin/AutoSDV_HPC/src/interfaces_pkg', 'symlink_install': True, 'test_result_base': None}
[0.287s] Level 5:colcon.colcon_core.verb:set package 'launch_pkg' build argument 'cmake_args' from command line to 'None'
[0.287s] Level 5:colcon.colcon_core.verb:set package 'launch_pkg' build argument 'cmake_target' from command line to 'None'
[0.287s] Level 5:colcon.colcon_core.verb:set package 'launch_pkg' build argument 'cmake_target_skip_unavailable' from command line to 'False'
[0.287s] Level 5:colcon.colcon_core.verb:set package 'launch_pkg' build argument 'cmake_clean_cache' from command line to 'False'
[0.287s] Level 5:colcon.colcon_core.verb:set package 'launch_pkg' build argument 'cmake_clean_first' from command line to 'False'
[0.287s] Level 5:colcon.colcon_core.verb:set package 'launch_pkg' build argument 'cmake_force_configure' from command line to 'False'
[0.288s] Level 5:colcon.colcon_core.verb:set package 'launch_pkg' build argument 'ament_cmake_args' from command line to 'None'
[0.288s] Level 5:colcon.colcon_core.verb:set package 'launch_pkg' build argument 'catkin_cmake_args' from command line to 'None'
[0.288s] Level 5:colcon.colcon_core.verb:set package 'launch_pkg' build argument 'catkin_skip_building_tests' from command line to 'False'
[0.288s] DEBUG:colcon.colcon_core.verb:Building package 'launch_pkg' with the following arguments: {'ament_cmake_args': None, 'build_base': '/home/sungbhin/AutoSDV_HPC/build/launch_pkg', 'catkin_cmake_args': None, 'catkin_skip_building_tests': False, 'cmake_args': None, 'cmake_clean_cache': False, 'cmake_clean_first': False, 'cmake_force_configure': False, 'cmake_target': None, 'cmake_target_skip_unavailable': False, 'install_base': '/home/sungbhin/AutoSDV_HPC/install/launch_pkg', 'merge_install': False, 'path': '/home/sungbhin/AutoSDV_HPC/src/launch_pkg', 'symlink_install': True, 'test_result_base': None}
[0.288s] Level 5:colcon.colcon_core.verb:set package 'lidar_perception_pkg' build argument 'cmake_args' from command line to 'None'
[0.288s] Level 5:colcon.colcon_core.verb:set package 'lidar_perception_pkg' build argument 'cmake_target' from command line to 'None'
[0.288s] Level 5:colcon.colcon_core.verb:set package 'lidar_perception_pkg' build argument 'cmake_target_skip_unavailable' from command line to 'False'
[0.288s] Level 5:colcon.colcon_core.verb:set package 'lidar_perception_pkg' build argument 'cmake_clean_cache' from command line to 'False'
[0.288s] Level 5:colcon.colcon_core.verb:set package 'lidar_perception_pkg' build argument 'cmake_clean_first' from command line to 'False'
[0.288s] Level 5:colcon.colcon_core.verb:set package 'lidar_perception_pkg' build argument 'cmake_force_configure' from command line to 'False'
[0.288s] Level 5:colcon.colcon_core.verb:set package 'lidar_perception_pkg' build argument 'ament_cmake_args' from command line to 'None'
[0.288s] Level 5:colcon.colcon_core.verb:set package 'lidar_perception_pkg' build argument 'catkin_cmake_args' from command line to 'None'
[0.288s] Level 5:colcon.colcon_core.verb:set package 'lidar_perception_pkg' build argument 'catkin_skip_building_tests' from command line to 'False'
[0.288s] DEBUG:colcon.colcon_core.verb:Building package 'lidar_perception_pkg' with the following arguments: {'ament_cmake_args': None, 'build_base': '/home/sungbhin/AutoSDV_HPC/build/lidar_perception_pkg', 'catkin_cmake_args': None, 'catkin_skip_building_tests': False, 'cmake_args': None, 'cmake_clean_cache': False, 'cmake_clean_first': False, 'cmake_force_configure': False, 'cmake_target': None, 'cmake_target_skip_unavailable': False, 'install_base': '/home/sungbhin/AutoSDV_HPC/install/lidar_perception_pkg', 'merge_install': False, 'path': '/home/sungbhin/AutoSDV_HPC/src/lidar_perception_pkg', 'symlink_install': True, 'test_result_base': None}
[0.288s] Level 5:colcon.colcon_core.verb:set package 'serial_communication_pkg' build argument 'cmake_args' from command line to 'None'
[0.288s] Level 5:colcon.colcon_core.verb:set package 'serial_communication_pkg' build argument 'cmake_target' from command line to 'None'
[0.288s] Level 5:colcon.colcon_core.verb:set package 'serial_communication_pkg' build argument 'cmake_target_skip_unavailable' from command line to 'False'
[0.288s] Level 5:colcon.colcon_core.verb:set package 'serial_communication_pkg' build argument 'cmake_clean_cache' from command line to 'False'
[0.288s] Level 5:colcon.colcon_core.verb:set package 'serial_communication_pkg' build argument 'cmake_clean_first' from command line to 'False'
[0.288s] Level 5:colcon.colcon_core.verb:set package 'serial_communication_pkg' build argument 'cmake_force_configure' from command line to 'False'
[0.288s] Level 5:colcon.colcon_core.verb:set package 'serial_communication_pkg' build argument 'ament_cmake_args' from command line to 'None'
[0.288s] Level 5:colcon.colcon_core.verb:set package 'serial_communication_pkg' build argument 'catkin_cmake_args' from command line to 'None'
[0.288s] Level 5:colcon.colcon_core.verb:set package 'serial_communication_pkg' build argument 'catkin_skip_building_tests' from command line to 'False'
[0.288s] DEBUG:colcon.colcon_core.verb:Building package 'serial_communication_pkg' with the following arguments: {'ament_cmake_args': None, 'build_base': '/home/sungbhin/AutoSDV_HPC/build/serial_communication_pkg', 'catkin_cmake_args': None, 'catkin_skip_building_tests': False, 'cmake_args': None, 'cmake_clean_cache': False, 'cmake_clean_first': False, 'cmake_force_configure': False, 'cmake_target': None, 'cmake_target_skip_unavailable': False, 'install_base': '/home/sungbhin/AutoSDV_HPC/install/serial_communication_pkg', 'merge_install': False, 'path': '/home/sungbhin/AutoSDV_HPC/src/serial_communication_pkg', 'symlink_install': True, 'test_result_base': None}
[0.289s] Level 5:colcon.colcon_core.verb:set package 'data_collection_pkg' build argument 'cmake_args' from command line to 'None'
[0.289s] Level 5:colcon.colcon_core.verb:set package 'data_collection_pkg' build argument 'cmake_target' from command line to 'None'
[0.289s] Level 5:colcon.colcon_core.verb:set package 'data_collection_pkg' build argument 'cmake_target_skip_unavailable' from command line to 'False'
[0.289s] Level 5:colcon.colcon_core.verb:set package 'data_collection_pkg' build argument 'cmake_clean_cache' from command line to 'False'
[0.289s] Level 5:colcon.colcon_core.verb:set package 'data_collection_pkg' build argument 'cmake_clean_first' from command line to 'False'
[0.289s] Level 5:colcon.colcon_core.verb:set package 'data_collection_pkg' build argument 'cmake_force_configure' from command line to 'False'
[0.289s] Level 5:colcon.colcon_core.verb:set package 'data_collection_pkg' build argument 'ament_cmake_args' from command line to 'None'
[0.289s] Level 5:colcon.colcon_core.verb:set package 'data_collection_pkg' build argument 'catkin_cmake_args' from command line to 'None'
[0.289s] Level 5:colcon.colcon_core.verb:set package 'data_collection_pkg' build argument 'catkin_skip_building_tests' from command line to 'False'
[0.289s] DEBUG:colcon.colcon_core.verb:Building package 'data_collection_pkg' with the following arguments: {'ament_cmake_args': None, 'build_base': '/home/sungbhin/AutoSDV_HPC/build/data_collection_pkg', 'catkin_cmake_args': None, 'catkin_skip_building_tests': False, 'cmake_args': None, 'cmake_clean_cache': False, 'cmake_clean_first': False, 'cmake_force_configure': False, 'cmake_target': None, 'cmake_target_skip_unavailable': False, 'install_base': '/home/sungbhin/AutoSDV_HPC/install/data_collection_pkg', 'merge_install': False, 'path': '/home/sungbhin/AutoSDV_HPC/src/data_collection_pkg', 'symlink_install': True, 'test_result_base': None}
[0.289s] INFO:colcon.colcon_core.executor:Executing jobs using 'parallel' executor
[0.291s] DEBUG:colcon.colcon_parallel_executor.executor.parallel:run_until_complete
[0.291s] INFO:colcon.colcon_ros.task.ament_cmake.build:Building ROS package in '/home/sungbhin/AutoSDV_HPC/src/interfaces_pkg' with build type 'ament_cmake'
[0.291s] INFO:colcon.colcon_cmake.task.cmake.build:Building CMake package in '/home/sungbhin/AutoSDV_HPC/src/interfaces_pkg'
[0.294s] INFO:colcon.colcon_core.plugin_system:Skipping extension 'colcon_core.shell.bat': Not used on non-Windows systems
[0.294s] INFO:colcon.colcon_core.shell:Skip shell extension 'powershell' for command environment: Not usable outside of PowerShell
[0.294s] DEBUG:colcon.colcon_core.shell:Skip shell extension 'dsv' for command environment
[0.297s] INFO:colcon.colcon_ros.task.ament_python.build:Building ROS package in '/home/sungbhin/AutoSDV_HPC/src/camera_perception_pkg' with build type 'ament_python'
[0.297s] Level 1:colcon.colcon_core.shell:create_environment_hook('camera_perception_pkg', 'ament_prefix_path')
[0.297s] INFO:colcon.colcon_core.shell:Creating environment hook '/home/sungbhin/AutoSDV_HPC/install/camera_perception_pkg/share/camera_perception_pkg/hook/ament_prefix_path.ps1'
[0.298s] INFO:colcon.colcon_core.shell:Creating environment descriptor '/home/sungbhin/AutoSDV_HPC/install/camera_perception_pkg/share/camera_perception_pkg/hook/ament_prefix_path.dsv'
[0.298s] INFO:colcon.colcon_core.shell:Creating environment hook '/home/sungbhin/AutoSDV_HPC/install/camera_perception_pkg/share/camera_perception_pkg/hook/ament_prefix_path.sh'
[0.299s] INFO:colcon.colcon_core.shell:Skip shell extension 'powershell' for command environment: Not usable outside of PowerShell
[0.299s] DEBUG:colcon.colcon_core.shell:Skip shell extension 'dsv' for command environment
[0.301s] INFO:colcon.colcon_ros.task.ament_python.build:Building ROS package in '/home/sungbhin/AutoSDV_HPC/src/debug_pkg' with build type 'ament_python'
[0.301s] Level 1:colcon.colcon_core.shell:create_environment_hook('debug_pkg', 'ament_prefix_path')
[0.301s] INFO:colcon.colcon_core.shell:Creating environment hook '/home/sungbhin/AutoSDV_HPC/install/debug_pkg/share/debug_pkg/hook/ament_prefix_path.ps1'
[0.302s] INFO:colcon.colcon_core.shell:Creating environment descriptor '/home/sungbhin/AutoSDV_HPC/install/debug_pkg/share/debug_pkg/hook/ament_prefix_path.dsv'
[0.302s] INFO:colcon.colcon_core.shell:Creating environment hook '/home/sungbhin/AutoSDV_HPC/install/debug_pkg/share/debug_pkg/hook/ament_prefix_path.sh'
[0.302s] INFO:colcon.colcon_core.shell:Skip shell extension 'powershell' for command environment: Not usable outside of PowerShell
[0.302s] DEBUG:colcon.colcon_core.shell:Skip shell extension 'dsv' for command environment
[0.305s] INFO:colcon.colcon_ros.task.ament_python.build:Building ROS package in '/home/sungbhin/AutoSDV_HPC/src/decision_making_pkg' with build type 'ament_python'
[0.305s] Level 1:colcon.colcon_core.shell:create_environment_hook('decision_making_pkg', 'ament_prefix_path')
[0.305s] INFO:colcon.colcon_core.shell:Creating environment hook '/home/sungbhin/AutoSDV_HPC/install/decision_making_pkg/share/decision_making_pkg/hook/ament_prefix_path.ps1'
[0.305s] INFO:colcon.colcon_core.shell:Creating environment descriptor '/home/sungbhin/AutoSDV_HPC/install/decision_making_pkg/share/decision_making_pkg/hook/ament_prefix_path.dsv'
[0.305s] INFO:colcon.colcon_core.shell:Creating environment hook '/home/sungbhin/AutoSDV_HPC/install/decision_making_pkg/share/decision_making_pkg/hook/ament_prefix_path.sh'
[0.306s] INFO:colcon.colcon_core.shell:Skip shell extension 'powershell' for command environment: Not usable outside of PowerShell
[0.306s] DEBUG:colcon.colcon_core.shell:Skip shell extension 'dsv' for command environment
[0.308s] INFO:colcon.colcon_ros.task.ament_cmake.build:Building ROS package in '/home/sungbhin/AutoSDV_HPC/src/launch_pkg' with build type 'ament_cmake'
[0.308s] INFO:colcon.colcon_cmake.task.cmake.build:Building CMake package in '/home/sungbhin/AutoSDV_HPC/src/launch_pkg'
[0.308s] INFO:colcon.colcon_core.shell:Skip shell extension 'powershell' for command environment: Not usable outside of PowerShell
[0.308s] DEBUG:colcon.colcon_core.shell:Skip shell extension 'dsv' for command environment
[0.311s] INFO:colcon.colcon_ros.task.ament_python.build:Building ROS package in '/home/sungbhin/AutoSDV_HPC/src/lidar_perception_pkg' with build type 'ament_python'
[0.311s] Level 1:colcon.colcon_core.shell:create_environment_hook('lidar_perception_pkg', 'ament_prefix_path')
[0.311s] INFO:colcon.colcon_core.shell:Creating environment hook '/home/sungbhin/AutoSDV_HPC/install/lidar_perception_pkg/share/lidar_perception_pkg/hook/ament_prefix_path.ps1'
[0.311s] INFO:colcon.colcon_core.shell:Creating environment descriptor '/home/sungbhin/AutoSDV_HPC/install/lidar_perception_pkg/share/lidar_perception_pkg/hook/ament_prefix_path.dsv'
[0.312s] INFO:colcon.colcon_core.shell:Creating environment hook '/home/sungbhin/AutoSDV_HPC/install/lidar_perception_pkg/share/lidar_perception_pkg/hook/ament_prefix_path.sh'
[0.312s] INFO:colcon.colcon_core.shell:Skip shell extension 'powershell' for command environment: Not usable outside of PowerShell
[0.312s] DEBUG:colcon.colcon_core.shell:Skip shell extension 'dsv' for command environment
[0.315s] INFO:colcon.colcon_ros.task.ament_python.build:Building ROS package in '/home/sungbhin/AutoSDV_HPC/src/serial_communication_pkg' with build type 'ament_python'
[0.315s] Level 1:colcon.colcon_core.shell:create_environment_hook('serial_communication_pkg', 'ament_prefix_path')
[0.315s] INFO:colcon.colcon_core.shell:Creating environment hook '/home/sungbhin/AutoSDV_HPC/install/serial_communication_pkg/share/serial_communication_pkg/hook/ament_prefix_path.ps1'
[0.315s] INFO:colcon.colcon_core.shell:Creating environment descriptor '/home/sungbhin/AutoSDV_HPC/install/serial_communication_pkg/share/serial_communication_pkg/hook/ament_prefix_path.dsv'
[0.316s] INFO:colcon.colcon_core.shell:Creating environment hook '/home/sungbhin/AutoSDV_HPC/install/serial_communication_pkg/share/serial_communication_pkg/hook/ament_prefix_path.sh'
[0.316s] INFO:colcon.colcon_core.shell:Skip shell extension 'powershell' for command environment: Not usable outside of PowerShell
[0.316s] DEBUG:colcon.colcon_core.shell:Skip shell extension 'dsv' for command environment
[0.324s] DEBUG:colcon.colcon_core.event_handler.log_command:Invoking command in '/home/sungbhin/AutoSDV_HPC/build/interfaces_pkg': CMAKE_PREFIX_PATH=${CMAKE_PREFIX_PATH}:/home/sungbhin/AutoSDV_HPC/install/serial_communication_pkg:/home/sungbhin/AutoSDV_HPC/install/lidar_perception_pkg:/home/sungbhin/AutoSDV_HPC/install/data_collection_pkg:/home/sungbhin/AutoSDV_HPC/install/decision_making_pkg:/home/sungbhin/AutoSDV_HPC/install/debug_pkg:/home/sungbhin/AutoSDV_HPC/install/camera_perception_pkg:/opt/ros/humble /usr/local/bin/cmake /home/sungbhin/AutoSDV_HPC/src/interfaces_pkg -DAMENT_CMAKE_SYMLINK_INSTALL=1 -DCMAKE_INSTALL_PREFIX=/home/sungbhin/AutoSDV_HPC/install/interfaces_pkg
[0.601s] INFO:colcon.colcon_core.task.python.build:Building Python package in '/home/sungbhin/AutoSDV_HPC/src/camera_perception_pkg'
[0.601s] INFO:colcon.colcon_core.shell:Skip shell extension 'powershell' for command environment: Not usable outside of PowerShell
[0.601s] DEBUG:colcon.colcon_core.shell:Skip shell extension 'dsv' for command environment
[0.903s] INFO:colcon.colcon_core.task.python.build:Building Python package in '/home/sungbhin/AutoSDV_HPC/src/debug_pkg'
[0.903s] INFO:colcon.colcon_core.shell:Skip shell extension 'powershell' for command environment: Not usable outside of PowerShell
[0.903s] DEBUG:colcon.colcon_core.shell:Skip shell extension 'dsv' for command environment
[1.181s] INFO:colcon.colcon_core.task.python.build:Building Python package in '/home/sungbhin/AutoSDV_HPC/src/decision_making_pkg'
[1.182s] INFO:colcon.colcon_core.shell:Skip shell extension 'powershell' for command environment: Not usable outside of PowerShell
[1.182s] DEBUG:colcon.colcon_core.shell:Skip shell extension 'dsv' for command environment
[1.188s] DEBUG:colcon.colcon_core.event_handler.log_command:Invoking command in '/home/sungbhin/AutoSDV_HPC/build/launch_pkg': CMAKE_PREFIX_PATH=${CMAKE_PREFIX_PATH}:/home/sungbhin/AutoSDV_HPC/install/serial_communication_pkg:/home/sungbhin/AutoSDV_HPC/install/lidar_perception_pkg:/home/sungbhin/AutoSDV_HPC/install/data_collection_pkg:/home/sungbhin/AutoSDV_HPC/install/decision_making_pkg:/home/sungbhin/AutoSDV_HPC/install/debug_pkg:/home/sungbhin/AutoSDV_HPC/install/camera_perception_pkg:/opt/ros/humble /usr/local/bin/cmake /home/sungbhin/AutoSDV_HPC/src/launch_pkg -DAMENT_CMAKE_SYMLINK_INSTALL=1 -DCMAKE_INSTALL_PREFIX=/home/sungbhin/AutoSDV_HPC/install/launch_pkg
[1.477s] INFO:colcon.colcon_core.task.python.build:Building Python package in '/home/sungbhin/AutoSDV_HPC/src/lidar_perception_pkg'
[1.477s] INFO:colcon.colcon_core.shell:Skip shell extension 'powershell' for command environment: Not usable outside of PowerShell
[1.477s] DEBUG:colcon.colcon_core.shell:Skip shell extension 'dsv' for command environment
[1.743s] INFO:colcon.colcon_core.task.python.build:Building Python package in '/home/sungbhin/AutoSDV_HPC/src/serial_communication_pkg'
[1.743s] INFO:colcon.colcon_core.shell:Skip shell extension 'powershell' for command environment: Not usable outside of PowerShell
[1.743s] DEBUG:colcon.colcon_core.shell:Skip shell extension 'dsv' for command environment
[1.892s] DEBUG:colcon.colcon_core.event_handler.log_command:Invoked command in '/home/sungbhin/AutoSDV_HPC/build/launch_pkg' returned '0': CMAKE_PREFIX_PATH=${CMAKE_PREFIX_PATH}:/home/sungbhin/AutoSDV_HPC/install/serial_communication_pkg:/home/sungbhin/AutoSDV_HPC/install/lidar_perception_pkg:/home/sungbhin/AutoSDV_HPC/install/data_collection_pkg:/home/sungbhin/AutoSDV_HPC/install/decision_making_pkg:/home/sungbhin/AutoSDV_HPC/install/debug_pkg:/home/sungbhin/AutoSDV_HPC/install/camera_perception_pkg:/opt/ros/humble /usr/local/bin/cmake /home/sungbhin/AutoSDV_HPC/src/launch_pkg -DAMENT_CMAKE_SYMLINK_INSTALL=1 -DCMAKE_INSTALL_PREFIX=/home/sungbhin/AutoSDV_HPC/install/launch_pkg
[1.895s] DEBUG:colcon.colcon_core.event_handler.log_command:Invoking command in '/home/sungbhin/AutoSDV_HPC/build/launch_pkg': CMAKE_PREFIX_PATH=${CMAKE_PREFIX_PATH}:/home/sungbhin/AutoSDV_HPC/install/serial_communication_pkg:/home/sungbhin/AutoSDV_HPC/install/lidar_perception_pkg:/home/sungbhin/AutoSDV_HPC/install/data_collection_pkg:/home/sungbhin/AutoSDV_HPC/install/decision_making_pkg:/home/sungbhin/AutoSDV_HPC/install/debug_pkg:/home/sungbhin/AutoSDV_HPC/install/camera_perception_pkg:/opt/ros/humble /usr/local/bin/cmake --build /home/sungbhin/AutoSDV_HPC/build/launch_pkg -- -j16 -l16
[1.921s] DEBUG:colcon.colcon_core.event_handler.log_command:Invoked command in '/home/sungbhin/AutoSDV_HPC/build/launch_pkg' returned '0': CMAKE_PREFIX_PATH=${CMAKE_PREFIX_PATH}:/home/sungbhin/AutoSDV_HPC/install/serial_communication_pkg:/home/sungbhin/AutoSDV_HPC/install/lidar_perception_pkg:/home/sungbhin/AutoSDV_HPC/install/data_collection_pkg:/home/sungbhin/AutoSDV_HPC/install/decision_making_pkg:/home/sungbhin/AutoSDV_HPC/install/debug_pkg:/home/sungbhin/AutoSDV_HPC/install/camera_perception_pkg:/opt/ros/humble /usr/local/bin/cmake --build /home/sungbhin/AutoSDV_HPC/build/launch_pkg -- -j16 -l16
[1.932s] DEBUG:colcon.colcon_core.event_handler.log_command:Invoking command in '/home/sungbhin/AutoSDV_HPC/build/launch_pkg': CMAKE_PREFIX_PATH=${CMAKE_PREFIX_PATH}:/home/sungbhin/AutoSDV_HPC/install/serial_communication_pkg:/home/sungbhin/AutoSDV_HPC/install/lidar_perception_pkg:/home/sungbhin/AutoSDV_HPC/install/data_collection_pkg:/home/sungbhin/AutoSDV_HPC/install/decision_making_pkg:/home/sungbhin/AutoSDV_HPC/install/debug_pkg:/home/sungbhin/AutoSDV_HPC/install/camera_perception_pkg:/opt/ros/humble /usr/local/bin/cmake --install /home/sungbhin/AutoSDV_HPC/build/launch_pkg
[2.021s] Level 1:colcon.colcon_core.environment:create_environment_scripts_only(launch_pkg)
[2.022s] DEBUG:colcon.colcon_core.event_handler.log_command:Invoked command in '/home/sungbhin/AutoSDV_HPC/build/launch_pkg' returned '0': CMAKE_PREFIX_PATH=${CMAKE_PREFIX_PATH}:/home/sungbhin/AutoSDV_HPC/install/serial_communication_pkg:/home/sungbhin/AutoSDV_HPC/install/lidar_perception_pkg:/home/sungbhin/AutoSDV_HPC/install/data_collection_pkg:/home/sungbhin/AutoSDV_HPC/install/decision_making_pkg:/home/sungbhin/AutoSDV_HPC/install/debug_pkg:/home/sungbhin/AutoSDV_HPC/install/camera_perception_pkg:/opt/ros/humble /usr/local/bin/cmake --install /home/sungbhin/AutoSDV_HPC/build/launch_pkg
[2.025s] Level 1:colcon.colcon_core.environment:checking '/home/sungbhin/AutoSDV_HPC/install/launch_pkg' for CMake module files
[2.026s] Level 1:colcon.colcon_core.environment:checking '/home/sungbhin/AutoSDV_HPC/install/launch_pkg' for CMake config files
[2.026s] Level 1:colcon.colcon_core.shell:create_environment_hook('launch_pkg', 'cmake_prefix_path')
[2.027s] INFO:colcon.colcon_core.shell:Creating environment hook '/home/sungbhin/AutoSDV_HPC/install/launch_pkg/share/launch_pkg/hook/cmake_prefix_path.ps1'
[2.027s] INFO:colcon.colcon_core.shell:Creating environment descriptor '/home/sungbhin/AutoSDV_HPC/install/launch_pkg/share/launch_pkg/hook/cmake_prefix_path.dsv'
[2.028s] INFO:colcon.colcon_core.shell:Creating environment hook '/home/sungbhin/AutoSDV_HPC/install/launch_pkg/share/launch_pkg/hook/cmake_prefix_path.sh'
[2.029s] Level 1:colcon.colcon_core.environment:checking '/home/sungbhin/AutoSDV_HPC/install/launch_pkg/bin'
[2.029s] Level 1:colcon.colcon_core.environment:checking '/home/sungbhin/AutoSDV_HPC/install/launch_pkg/lib/pkgconfig/launch_pkg.pc'
[2.029s] Level 1:colcon.colcon_core.environment:checking '/home/sungbhin/AutoSDV_HPC/install/launch_pkg/lib/python3.10/site-packages'
[2.029s] Level 1:colcon.colcon_core.environment:checking '/home/sungbhin/AutoSDV_HPC/install/launch_pkg/bin'
[2.030s] INFO:colcon.colcon_core.shell:Creating package script '/home/sungbhin/AutoSDV_HPC/install/launch_pkg/share/launch_pkg/package.ps1'
[2.031s] INFO:colcon.colcon_core.shell:Creating package descriptor '/home/sungbhin/AutoSDV_HPC/install/launch_pkg/share/launch_pkg/package.dsv'
[2.031s] INFO:colcon.colcon_core.shell:Creating package script '/home/sungbhin/AutoSDV_HPC/install/launch_pkg/share/launch_pkg/package.sh'
[2.032s] INFO:colcon.colcon_core.shell:Creating package script '/home/sungbhin/AutoSDV_HPC/install/launch_pkg/share/launch_pkg/package.bash'
[2.033s] INFO:colcon.colcon_core.shell:Creating package script '/home/sungbhin/AutoSDV_HPC/install/launch_pkg/share/launch_pkg/package.zsh'
[2.034s] Level 1:colcon.colcon_core.environment:create_file_with_runtime_dependencies(/home/sungbhin/AutoSDV_HPC/install/launch_pkg/share/colcon-core/packages/launch_pkg)
[2.034s] Level 1:colcon.colcon_core.environment:create_environment_scripts_only(launch_pkg)
[2.035s] Level 1:colcon.colcon_core.environment:checking '/home/sungbhin/AutoSDV_HPC/install/launch_pkg' for CMake module files
[2.035s] Level 1:colcon.colcon_core.environment:checking '/home/sungbhin/AutoSDV_HPC/install/launch_pkg' for CMake config files
[2.035s] Level 1:colcon.colcon_core.shell:create_environment_hook('launch_pkg', 'cmake_prefix_path')
[2.036s] INFO:colcon.colcon_core.shell:Creating environment hook '/home/sungbhin/AutoSDV_HPC/install/launch_pkg/share/launch_pkg/hook/cmake_prefix_path.ps1'
[2.036s] INFO:colcon.colcon_core.shell:Creating environment descriptor '/home/sungbhin/AutoSDV_HPC/install/launch_pkg/share/launch_pkg/hook/cmake_prefix_path.dsv'
[2.037s] INFO:colcon.colcon_core.shell:Creating environment hook '/home/sungbhin/AutoSDV_HPC/install/launch_pkg/share/launch_pkg/hook/cmake_prefix_path.sh'
[2.037s] Level 1:colcon.colcon_core.environment:checking '/home/sungbhin/AutoSDV_HPC/install/launch_pkg/bin'
[2.037s] Level 1:colcon.colcon_core.environment:checking '/home/sungbhin/AutoSDV_HPC/install/launch_pkg/lib/pkgconfig/launch_pkg.pc'
[2.038s] Level 1:colcon.colcon_core.environment:checking '/home/sungbhin/AutoSDV_HPC/install/launch_pkg/lib/python3.10/site-packages'
[2.038s] Level 1:colcon.colcon_core.environment:checking '/home/sungbhin/AutoSDV_HPC/install/launch_pkg/bin'
[2.038s] INFO:colcon.colcon_core.shell:Creating package script '/home/sungbhin/AutoSDV_HPC/install/launch_pkg/share/launch_pkg/package.ps1'
[2.039s] INFO:colcon.colcon_core.shell:Creating package descriptor '/home/sungbhin/AutoSDV_HPC/install/launch_pkg/share/launch_pkg/package.dsv'
[2.039s] INFO:colcon.colcon_core.shell:Creating package script '/home/sungbhin/AutoSDV_HPC/install/launch_pkg/share/launch_pkg/package.sh'
[2.040s] INFO:colcon.colcon_core.shell:Creating package script '/home/sungbhin/AutoSDV_HPC/install/launch_pkg/share/launch_pkg/package.bash'
[2.040s] INFO:colcon.colcon_core.shell:Creating package script '/home/sungbhin/AutoSDV_HPC/install/launch_pkg/share/launch_pkg/package.zsh'
[2.041s] Level 1:colcon.colcon_core.environment:create_file_with_runtime_dependencies(/home/sungbhin/AutoSDV_HPC/install/launch_pkg/share/colcon-core/packages/launch_pkg)
[2.224s] DEBUG:colcon.colcon_core.event_handler.log_command:Invoking command in '/home/sungbhin/AutoSDV_HPC/build/debug_pkg': PYTHONPATH=/home/sungbhin/AutoSDV_HPC/build/debug_pkg/prefix_override:/usr/lib/python3/dist-packages/colcon_core/task/python/colcon_distutils_commands:/home/sungbhin/AutoSDV_HPC/install/debug_pkg/lib/python3.10/site-packages:${PYTHONPATH} /usr/bin/python3 -W ignore:setup.py install is deprecated -W ignore:easy_install command is deprecated setup.py develop --editable --build-directory /home/sungbhin/AutoSDV_HPC/build/debug_pkg/build --no-deps symlink_data
[2.228s] DEBUG:colcon.colcon_core.event_handler.log_command:Invoking command in '/home/sungbhin/AutoSDV_HPC/build/decision_making_pkg': PYTHONPATH=/home/sungbhin/AutoSDV_HPC/build/decision_making_pkg/prefix_override:/usr/lib/python3/dist-packages/colcon_core/task/python/colcon_distutils_commands:/home/sungbhin/AutoSDV_HPC/install/decision_making_pkg/lib/python3.10/site-packages:${PYTHONPATH} /usr/bin/python3 -W ignore:setup.py install is deprecated -W ignore:easy_install command is deprecated setup.py develop --editable --build-directory /home/sungbhin/AutoSDV_HPC/build/decision_making_pkg/build --no-deps symlink_data
[2.241s] DEBUG:colcon.colcon_core.event_handler.log_command:Invoking command in '/home/sungbhin/AutoSDV_HPC/build/serial_communication_pkg': PYTHONPATH=/home/sungbhin/AutoSDV_HPC/build/serial_communication_pkg/prefix_override:/usr/lib/python3/dist-packages/colcon_core/task/python/colcon_distutils_commands:/home/sungbhin/AutoSDV_HPC/install/serial_communication_pkg/lib/python3.10/site-packages:${PYTHONPATH} /usr/bin/python3 -W ignore:setup.py install is deprecated -W ignore:easy_install command is deprecated setup.py develop --editable --build-directory /home/sungbhin/AutoSDV_HPC/build/serial_communication_pkg/build --no-deps symlink_data
[2.244s] DEBUG:colcon.colcon_core.event_handler.log_command:Invoking command in '/home/sungbhin/AutoSDV_HPC/build/camera_perception_pkg': PYTHONPATH=/home/sungbhin/AutoSDV_HPC/build/camera_perception_pkg/prefix_override:/usr/lib/python3/dist-packages/colcon_core/task/python/colcon_distutils_commands:/home/sungbhin/AutoSDV_HPC/install/camera_perception_pkg/lib/python3.10/site-packages:${PYTHONPATH} /usr/bin/python3 -W ignore:setup.py install is deprecated -W ignore:easy_install command is deprecated setup.py develop --editable --build-directory /home/sungbhin/AutoSDV_HPC/build/camera_perception_pkg/build --no-deps symlink_data
[2.262s] DEBUG:colcon.colcon_core.event_handler.log_command:Invoking command in '/home/sungbhin/AutoSDV_HPC/build/lidar_perception_pkg': PYTHONPATH=/home/sungbhin/AutoSDV_HPC/build/lidar_perception_pkg/prefix_override:/usr/lib/python3/dist-packages/colcon_core/task/python/colcon_distutils_commands:/home/sungbhin/AutoSDV_HPC/install/lidar_perception_pkg/lib/python3.10/site-packages:${PYTHONPATH} /usr/bin/python3 -W ignore:setup.py install is deprecated -W ignore:easy_install command is deprecated setup.py develop --editable --build-directory /home/sungbhin/AutoSDV_HPC/build/lidar_perception_pkg/build --no-deps symlink_data
[2.837s] Level 1:colcon.colcon_core.shell:create_environment_hook('debug_pkg', 'pythonpath_develop')
[2.838s] INFO:colcon.colcon_core.shell:Creating environment hook '/home/sungbhin/AutoSDV_HPC/build/debug_pkg/share/debug_pkg/hook/pythonpath_develop.ps1'
[2.838s] DEBUG:colcon.colcon_core.event_handler.log_command:Invoked command in '/home/sungbhin/AutoSDV_HPC/build/debug_pkg' returned '0': PYTHONPATH=/home/sungbhin/AutoSDV_HPC/build/debug_pkg/prefix_override:/usr/lib/python3/dist-packages/colcon_core/task/python/colcon_distutils_commands:/home/sungbhin/AutoSDV_HPC/install/debug_pkg/lib/python3.10/site-packages:${PYTHONPATH} /usr/bin/python3 -W ignore:setup.py install is deprecated -W ignore:easy_install command is deprecated setup.py develop --editable --build-directory /home/sungbhin/AutoSDV_HPC/build/debug_pkg/build --no-deps symlink_data
[2.839s] INFO:colcon.colcon_core.shell:Creating environment descriptor '/home/sungbhin/AutoSDV_HPC/build/debug_pkg/share/debug_pkg/hook/pythonpath_develop.dsv'
[2.839s] INFO:colcon.colcon_core.shell:Creating environment hook '/home/sungbhin/AutoSDV_HPC/build/debug_pkg/share/debug_pkg/hook/pythonpath_develop.sh'
[2.840s] Level 1:colcon.colcon_core.environment:checking '/home/sungbhin/AutoSDV_HPC/install/debug_pkg' for CMake module files
[2.840s] Level 1:colcon.colcon_core.environment:checking '/home/sungbhin/AutoSDV_HPC/install/debug_pkg' for CMake config files
[2.841s] Level 1:colcon.colcon_core.environment:checking '/home/sungbhin/AutoSDV_HPC/install/debug_pkg/lib'
[2.841s] Level 1:colcon.colcon_core.environment:checking '/home/sungbhin/AutoSDV_HPC/install/debug_pkg/bin'
[2.841s] Level 1:colcon.colcon_core.environment:checking '/home/sungbhin/AutoSDV_HPC/install/debug_pkg/lib/pkgconfig/debug_pkg.pc'
[2.842s] Level 1:colcon.colcon_core.environment:checking '/home/sungbhin/AutoSDV_HPC/install/debug_pkg/lib/python3.10/site-packages'
[2.842s] Level 1:colcon.colcon_core.shell:create_environment_hook('debug_pkg', 'pythonpath')
[2.842s] INFO:colcon.colcon_core.shell:Creating environment hook '/home/sungbhin/AutoSDV_HPC/install/debug_pkg/share/debug_pkg/hook/pythonpath.ps1'
[2.842s] INFO:colcon.colcon_core.shell:Creating environment descriptor '/home/sungbhin/AutoSDV_HPC/install/debug_pkg/share/debug_pkg/hook/pythonpath.dsv'
[2.843s] INFO:colcon.colcon_core.shell:Creating environment hook '/home/sungbhin/AutoSDV_HPC/install/debug_pkg/share/debug_pkg/hook/pythonpath.sh'
[2.843s] Level 1:colcon.colcon_core.environment:checking '/home/sungbhin/AutoSDV_HPC/install/debug_pkg/bin'
[2.843s] Level 1:colcon.colcon_core.environment:create_environment_scripts_only(debug_pkg)
[2.844s] INFO:colcon.colcon_core.shell:Creating package script '/home/sungbhin/AutoSDV_HPC/install/debug_pkg/share/debug_pkg/package.ps1'
[2.844s] INFO:colcon.colcon_core.shell:Creating package descriptor '/home/sungbhin/AutoSDV_HPC/install/debug_pkg/share/debug_pkg/package.dsv'
[2.844s] INFO:colcon.colcon_core.shell:Creating package script '/home/sungbhin/AutoSDV_HPC/install/debug_pkg/share/debug_pkg/package.sh'
[2.845s] INFO:colcon.colcon_core.shell:Creating package script '/home/sungbhin/AutoSDV_HPC/install/debug_pkg/share/debug_pkg/package.bash'
[2.845s] INFO:colcon.colcon_core.shell:Creating package script '/home/sungbhin/AutoSDV_HPC/install/debug_pkg/share/debug_pkg/package.zsh'
[2.845s] Level 1:colcon.colcon_core.environment:create_file_with_runtime_dependencies(/home/sungbhin/AutoSDV_HPC/install/debug_pkg/share/colcon-core/packages/debug_pkg)
[2.861s] Level 1:colcon.colcon_core.shell:create_environment_hook('serial_communication_pkg', 'pythonpath_develop')
[2.861s] INFO:colcon.colcon_core.shell:Creating environment hook '/home/sungbhin/AutoSDV_HPC/build/serial_communication_pkg/share/serial_communication_pkg/hook/pythonpath_develop.ps1'
[2.862s] DEBUG:colcon.colcon_core.event_handler.log_command:Invoked command in '/home/sungbhin/AutoSDV_HPC/build/serial_communication_pkg' returned '0': PYTHONPATH=/home/sungbhin/AutoSDV_HPC/build/serial_communication_pkg/prefix_override:/usr/lib/python3/dist-packages/colcon_core/task/python/colcon_distutils_commands:/home/sungbhin/AutoSDV_HPC/install/serial_communication_pkg/lib/python3.10/site-packages:${PYTHONPATH} /usr/bin/python3 -W ignore:setup.py install is deprecated -W ignore:easy_install command is deprecated setup.py develop --editable --build-directory /home/sungbhin/AutoSDV_HPC/build/serial_communication_pkg/build --no-deps symlink_data
[2.863s] INFO:colcon.colcon_core.shell:Creating environment descriptor '/home/sungbhin/AutoSDV_HPC/build/serial_communication_pkg/share/serial_communication_pkg/hook/pythonpath_develop.dsv'
[2.863s] INFO:colcon.colcon_core.shell:Creating environment hook '/home/sungbhin/AutoSDV_HPC/build/serial_communication_pkg/share/serial_communication_pkg/hook/pythonpath_develop.sh'
[2.864s] Level 1:colcon.colcon_core.environment:checking '/home/sungbhin/AutoSDV_HPC/install/serial_communication_pkg' for CMake module files
[2.864s] Level 1:colcon.colcon_core.environment:checking '/home/sungbhin/AutoSDV_HPC/install/serial_communication_pkg' for CMake config files
[2.865s] Level 1:colcon.colcon_core.environment:checking '/home/sungbhin/AutoSDV_HPC/install/serial_communication_pkg/lib'
[2.865s] Level 1:colcon.colcon_core.environment:checking '/home/sungbhin/AutoSDV_HPC/install/serial_communication_pkg/bin'
[2.865s] Level 1:colcon.colcon_core.environment:checking '/home/sungbhin/AutoSDV_HPC/install/serial_communication_pkg/lib/pkgconfig/serial_communication_pkg.pc'
[2.865s] Level 1:colcon.colcon_core.environment:checking '/home/sungbhin/AutoSDV_HPC/install/serial_communication_pkg/lib/python3.10/site-packages'
[2.865s] Level 1:colcon.colcon_core.shell:create_environment_hook('serial_communication_pkg', 'pythonpath')
[2.865s] INFO:colcon.colcon_core.shell:Creating environment hook '/home/sungbhin/AutoSDV_HPC/install/serial_communication_pkg/share/serial_communication_pkg/hook/pythonpath.ps1'
[2.866s] INFO:colcon.colcon_core.shell:Creating environment descriptor '/home/sungbhin/AutoSDV_HPC/install/serial_communication_pkg/share/serial_communication_pkg/hook/pythonpath.dsv'
[2.866s] INFO:colcon.colcon_core.shell:Creating environment hook '/home/sungbhin/AutoSDV_HPC/install/serial_communication_pkg/share/serial_communication_pkg/hook/pythonpath.sh'
[2.866s] Level 1:colcon.colcon_core.environment:checking '/home/sungbhin/AutoSDV_HPC/install/serial_communication_pkg/bin'
[2.866s] Level 1:colcon.colcon_core.environment:create_environment_scripts_only(serial_communication_pkg)
[2.867s] INFO:colcon.colcon_core.shell:Creating package script '/home/sungbhin/AutoSDV_HPC/install/serial_communication_pkg/share/serial_communication_pkg/package.ps1'
[2.868s] INFO:colcon.colcon_core.shell:Creating package descriptor '/home/sungbhin/AutoSDV_HPC/install/serial_communication_pkg/share/serial_communication_pkg/package.dsv'
[2.868s] INFO:colcon.colcon_core.shell:Creating package script '/home/sungbhin/AutoSDV_HPC/install/serial_communication_pkg/share/serial_communication_pkg/package.sh'
[2.868s] INFO:colcon.colcon_core.shell:Creating package script '/home/sungbhin/AutoSDV_HPC/install/serial_communication_pkg/share/serial_communication_pkg/package.bash'
[2.869s] INFO:colcon.colcon_core.shell:Creating package script '/home/sungbhin/AutoSDV_HPC/install/serial_communication_pkg/share/serial_communication_pkg/package.zsh'
[2.869s] Level 1:colcon.colcon_core.environment:create_file_with_runtime_dependencies(/home/sungbhin/AutoSDV_HPC/install/serial_communication_pkg/share/colcon-core/packages/serial_communication_pkg)
[2.877s] Level 1:colcon.colcon_core.shell:create_environment_hook('lidar_perception_pkg', 'pythonpath_develop')
[2.877s] INFO:colcon.colcon_core.shell:Creating environment hook '/home/sungbhin/AutoSDV_HPC/build/lidar_perception_pkg/share/lidar_perception_pkg/hook/pythonpath_develop.ps1'
[2.878s] DEBUG:colcon.colcon_core.event_handler.log_command:Invoked command in '/home/sungbhin/AutoSDV_HPC/build/lidar_perception_pkg' returned '0': PYTHONPATH=/home/sungbhin/AutoSDV_HPC/build/lidar_perception_pkg/prefix_override:/usr/lib/python3/dist-packages/colcon_core/task/python/colcon_distutils_commands:/home/sungbhin/AutoSDV_HPC/install/lidar_perception_pkg/lib/python3.10/site-packages:${PYTHONPATH} /usr/bin/python3 -W ignore:setup.py install is deprecated -W ignore:easy_install command is deprecated setup.py develop --editable --build-directory /home/sungbhin/AutoSDV_HPC/build/lidar_perception_pkg/build --no-deps symlink_data
[2.878s] INFO:colcon.colcon_core.shell:Creating environment descriptor '/home/sungbhin/AutoSDV_HPC/build/lidar_perception_pkg/share/lidar_perception_pkg/hook/pythonpath_develop.dsv'
[2.879s] INFO:colcon.colcon_core.shell:Creating environment hook '/home/sungbhin/AutoSDV_HPC/build/lidar_perception_pkg/share/lidar_perception_pkg/hook/pythonpath_develop.sh'
[2.879s] Level 1:colcon.colcon_core.environment:checking '/home/sungbhin/AutoSDV_HPC/install/lidar_perception_pkg' for CMake module files
[2.880s] Level 1:colcon.colcon_core.environment:checking '/home/sungbhin/AutoSDV_HPC/install/lidar_perception_pkg' for CMake config files
[2.880s] Level 1:colcon.colcon_core.environment:checking '/home/sungbhin/AutoSDV_HPC/install/lidar_perception_pkg/lib'
[2.880s] Level 1:colcon.colcon_core.environment:checking '/home/sungbhin/AutoSDV_HPC/install/lidar_perception_pkg/bin'
[2.880s] Level 1:colcon.colcon_core.environment:checking '/home/sungbhin/AutoSDV_HPC/install/lidar_perception_pkg/lib/pkgconfig/lidar_perception_pkg.pc'
[2.880s] Level 1:colcon.colcon_core.environment:checking '/home/sungbhin/AutoSDV_HPC/install/lidar_perception_pkg/lib/python3.10/site-packages'
[2.880s] Level 1:colcon.colcon_core.shell:create_environment_hook('lidar_perception_pkg', 'pythonpath')
[2.881s] INFO:colcon.colcon_core.shell:Creating environment hook '/home/sungbhin/AutoSDV_HPC/install/lidar_perception_pkg/share/lidar_perception_pkg/hook/pythonpath.ps1'
[2.881s] INFO:colcon.colcon_core.shell:Creating environment descriptor '/home/sungbhin/AutoSDV_HPC/install/lidar_perception_pkg/share/lidar_perception_pkg/hook/pythonpath.dsv'
[2.881s] INFO:colcon.colcon_core.shell:Creating environment hook '/home/sungbhin/AutoSDV_HPC/install/lidar_perception_pkg/share/lidar_perception_pkg/hook/pythonpath.sh'
[2.882s] Level 1:colcon.colcon_core.environment:checking '/home/sungbhin/AutoSDV_HPC/install/lidar_perception_pkg/bin'
[2.882s] Level 1:colcon.colcon_core.environment:create_environment_scripts_only(lidar_perception_pkg)
[2.882s] INFO:colcon.colcon_core.shell:Creating package script '/home/sungbhin/AutoSDV_HPC/install/lidar_perception_pkg/share/lidar_perception_pkg/package.ps1'
[2.882s] INFO:colcon.colcon_core.shell:Creating package descriptor '/home/sungbhin/AutoSDV_HPC/install/lidar_perception_pkg/share/lidar_perception_pkg/package.dsv'
[2.883s] INFO:colcon.colcon_core.shell:Creating package script '/home/sungbhin/AutoSDV_HPC/install/lidar_perception_pkg/share/lidar_perception_pkg/package.sh'
[2.883s] INFO:colcon.colcon_core.shell:Creating package script '/home/sungbhin/AutoSDV_HPC/install/lidar_perception_pkg/share/lidar_perception_pkg/package.bash'
[2.883s] INFO:colcon.colcon_core.shell:Creating package script '/home/sungbhin/AutoSDV_HPC/install/lidar_perception_pkg/share/lidar_perception_pkg/package.zsh'
[2.884s] Level 1:colcon.colcon_core.environment:create_file_with_runtime_dependencies(/home/sungbhin/AutoSDV_HPC/install/lidar_perception_pkg/share/colcon-core/packages/lidar_perception_pkg)
[2.886s] Level 1:colcon.colcon_core.shell:create_environment_hook('camera_perception_pkg', 'pythonpath_develop')
[2.886s] INFO:colcon.colcon_core.shell:Creating environment hook '/home/sungbhin/AutoSDV_HPC/build/camera_perception_pkg/share/camera_perception_pkg/hook/pythonpath_develop.ps1'
[2.887s] DEBUG:colcon.colcon_core.event_handler.log_command:Invoked command in '/home/sungbhin/AutoSDV_HPC/build/camera_perception_pkg' returned '0': PYTHONPATH=/home/sungbhin/AutoSDV_HPC/build/camera_perception_pkg/prefix_override:/usr/lib/python3/dist-packages/colcon_core/task/python/colcon_distutils_commands:/home/sungbhin/AutoSDV_HPC/install/camera_perception_pkg/lib/python3.10/site-packages:${PYTHONPATH} /usr/bin/python3 -W ignore:setup.py install is deprecated -W ignore:easy_install command is deprecated setup.py develop --editable --build-directory /home/sungbhin/AutoSDV_HPC/build/camera_perception_pkg/build --no-deps symlink_data
[2.887s] INFO:colcon.colcon_core.shell:Creating environment descriptor '/home/sungbhin/AutoSDV_HPC/build/camera_perception_pkg/share/camera_perception_pkg/hook/pythonpath_develop.dsv'
[2.887s] INFO:colcon.colcon_core.shell:Creating environment hook '/home/sungbhin/AutoSDV_HPC/build/camera_perception_pkg/share/camera_perception_pkg/hook/pythonpath_develop.sh'
[2.888s] Level 1:colcon.colcon_core.environment:checking '/home/sungbhin/AutoSDV_HPC/install/camera_perception_pkg' for CMake module files
[2.888s] Level 1:colcon.colcon_core.environment:checking '/home/sungbhin/AutoSDV_HPC/install/camera_perception_pkg' for CMake config files
[2.889s] Level 1:colcon.colcon_core.environment:checking '/home/sungbhin/AutoSDV_HPC/install/camera_perception_pkg/lib'
[2.889s] Level 1:colcon.colcon_core.environment:checking '/home/sungbhin/AutoSDV_HPC/install/camera_perception_pkg/bin'
[2.889s] Level 1:colcon.colcon_core.environment:checking '/home/sungbhin/AutoSDV_HPC/install/camera_perception_pkg/lib/pkgconfig/camera_perception_pkg.pc'
[2.889s] Level 1:colcon.colcon_core.environment:checking '/home/sungbhin/AutoSDV_HPC/install/camera_perception_pkg/lib/python3.10/site-packages'
[2.889s] Level 1:colcon.colcon_core.shell:create_environment_hook('camera_perception_pkg', 'pythonpath')
[2.890s] INFO:colcon.colcon_core.shell:Creating environment hook '/home/sungbhin/AutoSDV_HPC/install/camera_perception_pkg/share/camera_perception_pkg/hook/pythonpath.ps1'
[2.890s] INFO:colcon.colcon_core.shell:Creating environment descriptor '/home/sungbhin/AutoSDV_HPC/install/camera_perception_pkg/share/camera_perception_pkg/hook/pythonpath.dsv'
[2.890s] INFO:colcon.colcon_core.shell:Creating environment hook '/home/sungbhin/AutoSDV_HPC/install/camera_perception_pkg/share/camera_perception_pkg/hook/pythonpath.sh'
[2.891s] Level 1:colcon.colcon_core.environment:checking '/home/sungbhin/AutoSDV_HPC/install/camera_perception_pkg/bin'
[2.891s] Level 1:colcon.colcon_core.environment:create_environment_scripts_only(camera_perception_pkg)
[2.891s] INFO:colcon.colcon_core.shell:Creating package script '/home/sungbhin/AutoSDV_HPC/install/camera_perception_pkg/share/camera_perception_pkg/package.ps1'
[2.892s] INFO:colcon.colcon_core.shell:Creating package descriptor '/home/sungbhin/AutoSDV_HPC/install/camera_perception_pkg/share/camera_perception_pkg/package.dsv'
[2.892s] INFO:colcon.colcon_core.shell:Creating package script '/home/sungbhin/AutoSDV_HPC/install/camera_perception_pkg/share/camera_perception_pkg/package.sh'
[2.892s] INFO:colcon.colcon_core.shell:Creating package script '/home/sungbhin/AutoSDV_HPC/install/camera_perception_pkg/share/camera_perception_pkg/package.bash'
[2.892s] INFO:colcon.colcon_core.shell:Creating package script '/home/sungbhin/AutoSDV_HPC/install/camera_perception_pkg/share/camera_perception_pkg/package.zsh'
[2.893s] Level 1:colcon.colcon_core.environment:create_file_with_runtime_dependencies(/home/sungbhin/AutoSDV_HPC/install/camera_perception_pkg/share/colcon-core/packages/camera_perception_pkg)
[2.893s] Level 1:colcon.colcon_core.shell:create_environment_hook('decision_making_pkg', 'pythonpath_develop')
[2.894s] INFO:colcon.colcon_core.shell:Creating environment hook '/home/sungbhin/AutoSDV_HPC/build/decision_making_pkg/share/decision_making_pkg/hook/pythonpath_develop.ps1'
[2.894s] DEBUG:colcon.colcon_core.event_handler.log_command:Invoked command in '/home/sungbhin/AutoSDV_HPC/build/decision_making_pkg' returned '0': PYTHONPATH=/home/sungbhin/AutoSDV_HPC/build/decision_making_pkg/prefix_override:/usr/lib/python3/dist-packages/colcon_core/task/python/colcon_distutils_commands:/home/sungbhin/AutoSDV_HPC/install/decision_making_pkg/lib/python3.10/site-packages:${PYTHONPATH} /usr/bin/python3 -W ignore:setup.py install is deprecated -W ignore:easy_install command is deprecated setup.py develop --editable --build-directory /home/sungbhin/AutoSDV_HPC/build/decision_making_pkg/build --no-deps symlink_data
[2.894s] INFO:colcon.colcon_core.shell:Creating environment descriptor '/home/sungbhin/AutoSDV_HPC/build/decision_making_pkg/share/decision_making_pkg/hook/pythonpath_develop.dsv'
[2.895s] INFO:colcon.colcon_core.shell:Creating environment hook '/home/sungbhin/AutoSDV_HPC/build/decision_making_pkg/share/decision_making_pkg/hook/pythonpath_develop.sh'
[2.895s] Level 1:colcon.colcon_core.environment:checking '/home/sungbhin/AutoSDV_HPC/install/decision_making_pkg' for CMake module files
[2.895s] Level 1:colcon.colcon_core.environment:checking '/home/sungbhin/AutoSDV_HPC/install/decision_making_pkg' for CMake config files
[2.896s] Level 1:colcon.colcon_core.environment:checking '/home/sungbhin/AutoSDV_HPC/install/decision_making_pkg/lib'
[2.896s] Level 1:colcon.colcon_core.environment:checking '/home/sungbhin/AutoSDV_HPC/install/decision_making_pkg/bin'
[2.896s] Level 1:colcon.colcon_core.environment:checking '/home/sungbhin/AutoSDV_HPC/install/decision_making_pkg/lib/pkgconfig/decision_making_pkg.pc'
[2.896s] Level 1:colcon.colcon_core.environment:checking '/home/sungbhin/AutoSDV_HPC/install/decision_making_pkg/lib/python3.10/site-packages'
[2.896s] Level 1:colcon.colcon_core.shell:create_environment_hook('decision_making_pkg', 'pythonpath')
[2.896s] INFO:colcon.colcon_core.shell:Creating environment hook '/home/sungbhin/AutoSDV_HPC/install/decision_making_pkg/share/decision_making_pkg/hook/pythonpath.ps1'
[2.896s] INFO:colcon.colcon_core.shell:Creating environment descriptor '/home/sungbhin/AutoSDV_HPC/install/decision_making_pkg/share/decision_making_pkg/hook/pythonpath.dsv'
[2.897s] INFO:colcon.colcon_core.shell:Creating environment hook '/home/sungbhin/AutoSDV_HPC/install/decision_making_pkg/share/decision_making_pkg/hook/pythonpath.sh'
[2.897s] Level 1:colcon.colcon_core.environment:checking '/home/sungbhin/AutoSDV_HPC/install/decision_making_pkg/bin'
[2.897s] Level 1:colcon.colcon_core.environment:create_environment_scripts_only(decision_making_pkg)
[2.898s] INFO:colcon.colcon_core.shell:Creating package script '/home/sungbhin/AutoSDV_HPC/install/decision_making_pkg/share/decision_making_pkg/package.ps1'
[2.898s] INFO:colcon.colcon_core.shell:Creating package descriptor '/home/sungbhin/AutoSDV_HPC/install/decision_making_pkg/share/decision_making_pkg/package.dsv'
[2.898s] INFO:colcon.colcon_core.shell:Creating package script '/home/sungbhin/AutoSDV_HPC/install/decision_making_pkg/share/decision_making_pkg/package.sh'
[2.899s] INFO:colcon.colcon_core.shell:Creating package script '/home/sungbhin/AutoSDV_HPC/install/decision_making_pkg/share/decision_making_pkg/package.bash'
[2.899s] INFO:colcon.colcon_core.shell:Creating package script '/home/sungbhin/AutoSDV_HPC/install/decision_making_pkg/share/decision_making_pkg/package.zsh'
[2.899s] Level 1:colcon.colcon_core.environment:create_file_with_runtime_dependencies(/home/sungbhin/AutoSDV_HPC/install/decision_making_pkg/share/colcon-core/packages/decision_making_pkg)
[3.332s] DEBUG:colcon.colcon_core.event_handler.log_command:Invoked command in '/home/sungbhin/AutoSDV_HPC/build/interfaces_pkg' returned '0': CMAKE_PREFIX_PATH=${CMAKE_PREFIX_PATH}:/home/sungbhin/AutoSDV_HPC/install/serial_communication_pkg:/home/sungbhin/AutoSDV_HPC/install/lidar_perception_pkg:/home/sungbhin/AutoSDV_HPC/install/data_collection_pkg:/home/sungbhin/AutoSDV_HPC/install/decision_making_pkg:/home/sungbhin/AutoSDV_HPC/install/debug_pkg:/home/sungbhin/AutoSDV_HPC/install/camera_perception_pkg:/opt/ros/humble /usr/local/bin/cmake /home/sungbhin/AutoSDV_HPC/src/interfaces_pkg -DAMENT_CMAKE_SYMLINK_INSTALL=1 -DCMAKE_INSTALL_PREFIX=/home/sungbhin/AutoSDV_HPC/install/interfaces_pkg
[3.334s] DEBUG:colcon.colcon_core.event_handler.log_command:Invoking command in '/home/sungbhin/AutoSDV_HPC/build/interfaces_pkg': CMAKE_PREFIX_PATH=${CMAKE_PREFIX_PATH}:/home/sungbhin/AutoSDV_HPC/install/serial_communication_pkg:/home/sungbhin/AutoSDV_HPC/install/lidar_perception_pkg:/home/sungbhin/AutoSDV_HPC/install/data_collection_pkg:/home/sungbhin/AutoSDV_HPC/install/decision_making_pkg:/home/sungbhin/AutoSDV_HPC/install/debug_pkg:/home/sungbhin/AutoSDV_HPC/install/camera_perception_pkg:/opt/ros/humble /usr/local/bin/cmake --build /home/sungbhin/AutoSDV_HPC/build/interfaces_pkg -- -j16 -l16
[10.988s] DEBUG:colcon.colcon_core.event_handler.log_command:Invoked command in '/home/sungbhin/AutoSDV_HPC/build/interfaces_pkg' returned '0': CMAKE_PREFIX_PATH=${CMAKE_PREFIX_PATH}:/home/sungbhin/AutoSDV_HPC/install/serial_communication_pkg:/home/sungbhin/AutoSDV_HPC/install/lidar_perception_pkg:/home/sungbhin/AutoSDV_HPC/install/data_collection_pkg:/home/sungbhin/AutoSDV_HPC/install/decision_making_pkg:/home/sungbhin/AutoSDV_HPC/install/debug_pkg:/home/sungbhin/AutoSDV_HPC/install/camera_perception_pkg:/opt/ros/humble /usr/local/bin/cmake --build /home/sungbhin/AutoSDV_HPC/build/interfaces_pkg -- -j16 -l16
[10.990s] DEBUG:colcon.colcon_core.event_handler.log_command:Invoking command in '/home/sungbhin/AutoSDV_HPC/build/interfaces_pkg': CMAKE_PREFIX_PATH=${CMAKE_PREFIX_PATH}:/home/sungbhin/AutoSDV_HPC/install/serial_communication_pkg:/home/sungbhin/AutoSDV_HPC/install/lidar_perception_pkg:/home/sungbhin/AutoSDV_HPC/install/data_collection_pkg:/home/sungbhin/AutoSDV_HPC/install/decision_making_pkg:/home/sungbhin/AutoSDV_HPC/install/debug_pkg:/home/sungbhin/AutoSDV_HPC/install/camera_perception_pkg:/opt/ros/humble /usr/local/bin/cmake --install /home/sungbhin/AutoSDV_HPC/build/interfaces_pkg
[12.387s] Level 1:colcon.colcon_core.environment:create_environment_scripts_only(interfaces_pkg)
[12.387s] Level 1:colcon.colcon_core.environment:checking '/home/sungbhin/AutoSDV_HPC/install/interfaces_pkg' for CMake module files
[12.388s] DEBUG:colcon.colcon_core.event_handler.log_command:Invoked command in '/home/sungbhin/AutoSDV_HPC/build/interfaces_pkg' returned '0': CMAKE_PREFIX_PATH=${CMAKE_PREFIX_PATH}:/home/sungbhin/AutoSDV_HPC/install/serial_communication_pkg:/home/sungbhin/AutoSDV_HPC/install/lidar_perception_pkg:/home/sungbhin/AutoSDV_HPC/install/data_collection_pkg:/home/sungbhin/AutoSDV_HPC/install/decision_making_pkg:/home/sungbhin/AutoSDV_HPC/install/debug_pkg:/home/sungbhin/AutoSDV_HPC/install/camera_perception_pkg:/opt/ros/humble /usr/local/bin/cmake --install /home/sungbhin/AutoSDV_HPC/build/interfaces_pkg
[12.388s] Level 1:colcon.colcon_core.environment:checking '/home/sungbhin/AutoSDV_HPC/install/interfaces_pkg' for CMake config files
[12.390s] Level 1:colcon.colcon_core.shell:create_environment_hook('interfaces_pkg', 'cmake_prefix_path')
[12.390s] INFO:colcon.colcon_core.shell:Creating environment hook '/home/sungbhin/AutoSDV_HPC/install/interfaces_pkg/share/interfaces_pkg/hook/cmake_prefix_path.ps1'
[12.391s] INFO:colcon.colcon_core.shell:Creating environment descriptor '/home/sungbhin/AutoSDV_HPC/install/interfaces_pkg/share/interfaces_pkg/hook/cmake_prefix_path.dsv'
[12.391s] INFO:colcon.colcon_core.shell:Creating environment hook '/home/sungbhin/AutoSDV_HPC/install/interfaces_pkg/share/interfaces_pkg/hook/cmake_prefix_path.sh'
[12.392s] Level 1:colcon.colcon_core.environment:checking '/home/sungbhin/AutoSDV_HPC/install/interfaces_pkg/lib'
[12.392s] Level 1:colcon.colcon_core.shell:create_environment_hook('interfaces_pkg', 'ld_library_path_lib')
[12.392s] INFO:colcon.colcon_core.shell:Creating environment hook '/home/sungbhin/AutoSDV_HPC/install/interfaces_pkg/share/interfaces_pkg/hook/ld_library_path_lib.ps1'
[12.392s] INFO:colcon.colcon_core.shell:Creating environment descriptor '/home/sungbhin/AutoSDV_HPC/install/interfaces_pkg/share/interfaces_pkg/hook/ld_library_path_lib.dsv'
[12.392s] INFO:colcon.colcon_core.shell:Creating environment hook '/home/sungbhin/AutoSDV_HPC/install/interfaces_pkg/share/interfaces_pkg/hook/ld_library_path_lib.sh'
[12.393s] Level 1:colcon.colcon_core.environment:checking '/home/sungbhin/AutoSDV_HPC/install/interfaces_pkg/bin'
[12.393s] Level 1:colcon.colcon_core.environment:checking '/home/sungbhin/AutoSDV_HPC/install/interfaces_pkg/lib/pkgconfig/interfaces_pkg.pc'
[12.393s] Level 1:colcon.colcon_core.environment:checking '/home/sungbhin/AutoSDV_HPC/install/interfaces_pkg/lib/python3.10/site-packages'
[12.393s] Level 1:colcon.colcon_core.environment:checking '/home/sungbhin/AutoSDV_HPC/install/interfaces_pkg/bin'
[12.393s] INFO:colcon.colcon_core.shell:Creating package script '/home/sungbhin/AutoSDV_HPC/install/interfaces_pkg/share/interfaces_pkg/package.ps1'
[12.394s] INFO:colcon.colcon_core.shell:Creating package descriptor '/home/sungbhin/AutoSDV_HPC/install/interfaces_pkg/share/interfaces_pkg/package.dsv'
[12.394s] INFO:colcon.colcon_core.shell:Creating package script '/home/sungbhin/AutoSDV_HPC/install/interfaces_pkg/share/interfaces_pkg/package.sh'
[12.394s] INFO:colcon.colcon_core.shell:Creating package script '/home/sungbhin/AutoSDV_HPC/install/interfaces_pkg/share/interfaces_pkg/package.bash'
[12.395s] INFO:colcon.colcon_core.shell:Creating package script '/home/sungbhin/AutoSDV_HPC/install/interfaces_pkg/share/interfaces_pkg/package.zsh'
[12.395s] Level 1:colcon.colcon_core.environment:create_file_with_runtime_dependencies(/home/sungbhin/AutoSDV_HPC/install/interfaces_pkg/share/colcon-core/packages/interfaces_pkg)
[12.395s] Level 1:colcon.colcon_core.environment:create_environment_scripts_only(interfaces_pkg)
[12.396s] Level 1:colcon.colcon_core.environment:checking '/home/sungbhin/AutoSDV_HPC/install/interfaces_pkg' for CMake module files
[12.397s] Level 1:colcon.colcon_core.environment:checking '/home/sungbhin/AutoSDV_HPC/install/interfaces_pkg' for CMake config files
[12.399s] Level 1:colcon.colcon_core.shell:create_environment_hook('interfaces_pkg', 'cmake_prefix_path')
[12.399s] INFO:colcon.colcon_core.shell:Creating environment hook '/home/sungbhin/AutoSDV_HPC/install/interfaces_pkg/share/interfaces_pkg/hook/cmake_prefix_path.ps1'
[12.399s] INFO:colcon.colcon_core.shell:Creating environment descriptor '/home/sungbhin/AutoSDV_HPC/install/interfaces_pkg/share/interfaces_pkg/hook/cmake_prefix_path.dsv'
[12.400s] INFO:colcon.colcon_core.shell:Creating environment hook '/home/sungbhin/AutoSDV_HPC/install/interfaces_pkg/share/interfaces_pkg/hook/cmake_prefix_path.sh'
[12.400s] Level 1:colcon.colcon_core.environment:checking '/home/sungbhin/AutoSDV_HPC/install/interfaces_pkg/lib'
[12.400s] Level 1:colcon.colcon_core.shell:create_environment_hook('interfaces_pkg', 'ld_library_path_lib')
[12.401s] INFO:colcon.colcon_core.shell:Creating environment hook '/home/sungbhin/AutoSDV_HPC/install/interfaces_pkg/share/interfaces_pkg/hook/ld_library_path_lib.ps1'
[12.401s] INFO:colcon.colcon_core.shell:Creating environment descriptor '/home/sungbhin/AutoSDV_HPC/install/interfaces_pkg/share/interfaces_pkg/hook/ld_library_path_lib.dsv'
[12.401s] INFO:colcon.colcon_core.shell:Creating environment hook '/home/sungbhin/AutoSDV_HPC/install/interfaces_pkg/share/interfaces_pkg/hook/ld_library_path_lib.sh'
[12.402s] Level 1:colcon.colcon_core.environment:checking '/home/sungbhin/AutoSDV_HPC/install/interfaces_pkg/bin'
[12.402s] Level 1:colcon.colcon_core.environment:checking '/home/sungbhin/AutoSDV_HPC/install/interfaces_pkg/lib/pkgconfig/interfaces_pkg.pc'
[12.402s] Level 1:colcon.colcon_core.environment:checking '/home/sungbhin/AutoSDV_HPC/install/interfaces_pkg/lib/python3.10/site-packages'
[12.402s] Level 1:colcon.colcon_core.environment:checking '/home/sungbhin/AutoSDV_HPC/install/interfaces_pkg/bin'
[12.402s] INFO:colcon.colcon_core.shell:Creating package script '/home/sungbhin/AutoSDV_HPC/install/interfaces_pkg/share/interfaces_pkg/package.ps1'
[12.403s] INFO:colcon.colcon_core.shell:Creating package descriptor '/home/sungbhin/AutoSDV_HPC/install/interfaces_pkg/share/interfaces_pkg/package.dsv'
[12.403s] INFO:colcon.colcon_core.shell:Creating package script '/home/sungbhin/AutoSDV_HPC/install/interfaces_pkg/share/interfaces_pkg/package.sh'
[12.404s] INFO:colcon.colcon_core.shell:Creating package script '/home/sungbhin/AutoSDV_HPC/install/interfaces_pkg/share/interfaces_pkg/package.bash'
[12.404s] INFO:colcon.colcon_core.shell:Creating package script '/home/sungbhin/AutoSDV_HPC/install/interfaces_pkg/share/interfaces_pkg/package.zsh'
[12.405s] Level 1:colcon.colcon_core.environment:create_file_with_runtime_dependencies(/home/sungbhin/AutoSDV_HPC/install/interfaces_pkg/share/colcon-core/packages/interfaces_pkg)
[12.405s] INFO:colcon.colcon_ros.task.ament_python.build:Building ROS package in '/home/sungbhin/AutoSDV_HPC/src/data_collection_pkg' with build type 'ament_python'
[12.405s] Level 1:colcon.colcon_core.shell:create_environment_hook('data_collection_pkg', 'ament_prefix_path')
[12.406s] INFO:colcon.colcon_core.shell:Creating environment hook '/home/sungbhin/AutoSDV_HPC/install/data_collection_pkg/share/data_collection_pkg/hook/ament_prefix_path.ps1'
[12.407s] INFO:colcon.colcon_core.shell:Creating environment descriptor '/home/sungbhin/AutoSDV_HPC/install/data_collection_pkg/share/data_collection_pkg/hook/ament_prefix_path.dsv'
[12.407s] INFO:colcon.colcon_core.shell:Creating environment hook '/home/sungbhin/AutoSDV_HPC/install/data_collection_pkg/share/data_collection_pkg/hook/ament_prefix_path.sh'
[12.407s] INFO:colcon.colcon_core.shell:Skip shell extension 'powershell' for command environment: Not usable outside of PowerShell
[12.408s] DEBUG:colcon.colcon_core.shell:Skip shell extension 'dsv' for command environment
[12.681s] INFO:colcon.colcon_core.task.python.build:Building Python package in '/home/sungbhin/AutoSDV_HPC/src/data_collection_pkg'
[12.681s] INFO:colcon.colcon_core.shell:Skip shell extension 'powershell' for command environment: Not usable outside of PowerShell
[12.681s] DEBUG:colcon.colcon_core.shell:Skip shell extension 'dsv' for command environment
[13.013s] DEBUG:colcon.colcon_core.event_handler.log_command:Invoking command in '/home/sungbhin/AutoSDV_HPC/build/data_collection_pkg': CMAKE_PREFIX_PATH=/home/sungbhin/AutoSDV_HPC/install/interfaces_pkg:/home/sungbhin/AutoSDV_HPC/install/launch_pkg PYTHONPATH=/home/sungbhin/AutoSDV_HPC/build/data_collection_pkg/prefix_override:/usr/lib/python3/dist-packages/colcon_core/task/python/colcon_distutils_commands:/home/sungbhin/AutoSDV_HPC/install/data_collection_pkg/lib/python3.10/site-packages:${PYTHONPATH} /usr/bin/python3 -W ignore:setup.py install is deprecated -W ignore:easy_install command is deprecated setup.py develop --editable --build-directory /home/sungbhin/AutoSDV_HPC/build/data_collection_pkg/build --no-deps symlink_data
[13.486s] Level 1:colcon.colcon_core.shell:create_environment_hook('data_collection_pkg', 'pythonpath_develop')
[13.486s] INFO:colcon.colcon_core.shell:Creating environment hook '/home/sungbhin/AutoSDV_HPC/build/data_collection_pkg/share/data_collection_pkg/hook/pythonpath_develop.ps1'
[13.487s] DEBUG:colcon.colcon_core.event_handler.log_command:Invoked command in '/home/sungbhin/AutoSDV_HPC/build/data_collection_pkg' returned '0': CMAKE_PREFIX_PATH=/home/sungbhin/AutoSDV_HPC/install/interfaces_pkg:/home/sungbhin/AutoSDV_HPC/install/launch_pkg PYTHONPATH=/home/sungbhin/AutoSDV_HPC/build/data_collection_pkg/prefix_override:/usr/lib/python3/dist-packages/colcon_core/task/python/colcon_distutils_commands:/home/sungbhin/AutoSDV_HPC/install/data_collection_pkg/lib/python3.10/site-packages:${PYTHONPATH} /usr/bin/python3 -W ignore:setup.py install is deprecated -W ignore:easy_install command is deprecated setup.py develop --editable --build-directory /home/sungbhin/AutoSDV_HPC/build/data_collection_pkg/build --no-deps symlink_data
[13.487s] INFO:colcon.colcon_core.shell:Creating environment descriptor '/home/sungbhin/AutoSDV_HPC/build/data_collection_pkg/share/data_collection_pkg/hook/pythonpath_develop.dsv'
[13.487s] INFO:colcon.colcon_core.shell:Creating environment hook '/home/sungbhin/AutoSDV_HPC/build/data_collection_pkg/share/data_collection_pkg/hook/pythonpath_develop.sh'
[13.488s] Level 1:colcon.colcon_core.environment:checking '/home/sungbhin/AutoSDV_HPC/install/data_collection_pkg' for CMake module files
[13.488s] Level 1:colcon.colcon_core.environment:checking '/home/sungbhin/AutoSDV_HPC/install/data_collection_pkg' for CMake config files
[13.489s] Level 1:colcon.colcon_core.environment:checking '/home/sungbhin/AutoSDV_HPC/install/data_collection_pkg/lib'
[13.489s] Level 1:colcon.colcon_core.environment:checking '/home/sungbhin/AutoSDV_HPC/install/data_collection_pkg/bin'
[13.489s] Level 1:colcon.colcon_core.environment:checking '/home/sungbhin/AutoSDV_HPC/install/data_collection_pkg/lib/pkgconfig/data_collection_pkg.pc'
[13.489s] Level 1:colcon.colcon_core.environment:checking '/home/sungbhin/AutoSDV_HPC/install/data_collection_pkg/lib/python3.10/site-packages'
[13.489s] Level 1:colcon.colcon_core.shell:create_environment_hook('data_collection_pkg', 'pythonpath')
[13.489s] INFO:colcon.colcon_core.shell:Creating environment hook '/home/sungbhin/AutoSDV_HPC/install/data_collection_pkg/share/data_collection_pkg/hook/pythonpath.ps1'
[13.490s] INFO:colcon.colcon_core.shell:Creating environment descriptor '/home/sungbhin/AutoSDV_HPC/install/data_collection_pkg/share/data_collection_pkg/hook/pythonpath.dsv'
[13.490s] INFO:colcon.colcon_core.shell:Creating environment hook '/home/sungbhin/AutoSDV_HPC/install/data_collection_pkg/share/data_collection_pkg/hook/pythonpath.sh'
[13.491s] Level 1:colcon.colcon_core.environment:checking '/home/sungbhin/AutoSDV_HPC/install/data_collection_pkg/bin'
[13.491s] Level 1:colcon.colcon_core.environment:create_environment_scripts_only(data_collection_pkg)
[13.491s] INFO:colcon.colcon_core.shell:Creating package script '/home/sungbhin/AutoSDV_HPC/install/data_collection_pkg/share/data_collection_pkg/package.ps1'
[13.491s] INFO:colcon.colcon_core.shell:Creating package descriptor '/home/sungbhin/AutoSDV_HPC/install/data_collection_pkg/share/data_collection_pkg/package.dsv'
[13.492s] INFO:colcon.colcon_core.shell:Creating package script '/home/sungbhin/AutoSDV_HPC/install/data_collection_pkg/share/data_collection_pkg/package.sh'
[13.492s] INFO:colcon.colcon_core.shell:Creating package script '/home/sungbhin/AutoSDV_HPC/install/data_collection_pkg/share/data_collection_pkg/package.bash'
[13.493s] INFO:colcon.colcon_core.shell:Creating package script '/home/sungbhin/AutoSDV_HPC/install/data_collection_pkg/share/data_collection_pkg/package.zsh'
[13.493s] Level 1:colcon.colcon_core.environment:create_file_with_runtime_dependencies(/home/sungbhin/AutoSDV_HPC/install/data_collection_pkg/share/colcon-core/packages/data_collection_pkg)
[13.493s] DEBUG:colcon.colcon_parallel_executor.executor.parallel:closing loop
[13.493s] DEBUG:colcon.colcon_parallel_executor.executor.parallel:loop closed
[13.494s] DEBUG:colcon.colcon_parallel_executor.executor.parallel:run_until_complete finished with '0'
[13.494s] DEBUG:colcon.colcon_core.event_reactor:joining thread
[13.500s] INFO:colcon.colcon_core.plugin_system:Skipping extension 'colcon_notification.desktop_notification.terminal_notifier': Not used on non-Darwin systems
[13.500s] INFO:colcon.colcon_core.plugin_system:Skipping extension 'colcon_notification.desktop_notification.win32': Not used on non-Windows systems
[13.500s] INFO:colcon.colcon_notification.desktop_notification:Sending desktop notification using 'notify2'
[13.514s] DEBUG:colcon.colcon_core.event_reactor:joined thread
[13.514s] INFO:colcon.colcon_core.shell:Creating prefix script '/home/sungbhin/AutoSDV_HPC/install/local_setup.ps1'
[13.515s] INFO:colcon.colcon_core.shell:Creating prefix util module '/home/sungbhin/AutoSDV_HPC/install/_local_setup_util_ps1.py'
[13.516s] INFO:colcon.colcon_core.shell:Creating prefix chain script '/home/sungbhin/AutoSDV_HPC/install/setup.ps1'
[13.518s] INFO:colcon.colcon_core.shell:Creating prefix script '/home/sungbhin/AutoSDV_HPC/install/local_setup.sh'
[13.518s] INFO:colcon.colcon_core.shell:Creating prefix util module '/home/sungbhin/AutoSDV_HPC/install/_local_setup_util_sh.py'
[13.519s] INFO:colcon.colcon_core.shell:Creating prefix chain script '/home/sungbhin/AutoSDV_HPC/install/setup.sh'
[13.520s] INFO:colcon.colcon_core.shell:Creating prefix script '/home/sungbhin/AutoSDV_HPC/install/local_setup.bash'
[13.520s] INFO:colcon.colcon_core.shell:Creating prefix chain script '/home/sungbhin/AutoSDV_HPC/install/setup.bash'
[13.522s] INFO:colcon.colcon_core.shell:Creating prefix script '/home/sungbhin/AutoSDV_HPC/install/local_setup.zsh'
[13.522s] INFO:colcon.colcon_core.shell:Creating prefix chain script '/home/sungbhin/AutoSDV_HPC/install/setup.zsh'
